<?xml version="1.0" encoding="UTF-8"?>
<root>
  <item name="com.google.android.exoplayer2.AudioFocusManager audioFocusState">
    <annotation name="androidx.annotation.IntDef">
      <val name="value" val="{com.google.android.exoplayer2.AudioFocusManager.AUDIO_FOCUS_STATE_NO_FOCUS, com.google.android.exoplayer2.AudioFocusManager.AUDIO_FOCUS_STATE_HAVE_FOCUS, com.google.android.exoplayer2.AudioFocusManager.AUDIO_FOCUS_STATE_LOSS_TRANSIENT, com.google.android.exoplayer2.AudioFocusManager.AUDIO_FOCUS_STATE_LOSS_TRANSIENT_DUCK}" />
    </annotation>
  </item>
  <item name="com.google.android.exoplayer2.AudioFocusManager boolean shouldAbandonAudioFocus(int) 0">
    <annotation name="androidx.annotation.IntDef">
      <val name="value" val="{com.google.android.exoplayer2.Player.STATE_IDLE, com.google.android.exoplayer2.Player.STATE_BUFFERING, com.google.android.exoplayer2.Player.STATE_READY, com.google.android.exoplayer2.Player.STATE_ENDED}" />
    </annotation>
  </item>
  <item name="com.google.android.exoplayer2.AudioFocusManager focusGain">
    <annotation name="androidx.annotation.IntDef">
      <val name="value" val="{com.google.android.exoplayer2.C.AUDIOFOCUS_NONE, com.google.android.exoplayer2.C.AUDIOFOCUS_GAIN, com.google.android.exoplayer2.C.AUDIOFOCUS_GAIN_TRANSIENT, com.google.android.exoplayer2.C.AUDIOFOCUS_GAIN_TRANSIENT_MAY_DUCK, com.google.android.exoplayer2.C.AUDIOFOCUS_GAIN_TRANSIENT_EXCLUSIVE}" />
    </annotation>
  </item>
  <item name="com.google.android.exoplayer2.AudioFocusManager int convertAudioAttributesToFocusGain(com.google.android.exoplayer2.audio.AudioAttributes)">
    <annotation name="androidx.annotation.IntDef">
      <val name="value" val="{com.google.android.exoplayer2.C.AUDIOFOCUS_NONE, com.google.android.exoplayer2.C.AUDIOFOCUS_GAIN, com.google.android.exoplayer2.C.AUDIOFOCUS_GAIN_TRANSIENT, com.google.android.exoplayer2.C.AUDIOFOCUS_GAIN_TRANSIENT_MAY_DUCK, com.google.android.exoplayer2.C.AUDIOFOCUS_GAIN_TRANSIENT_EXCLUSIVE}" />
    </annotation>
  </item>
  <item name="com.google.android.exoplayer2.AudioFocusManager int requestAudioFocus()">
    <annotation name="androidx.annotation.IntDef">
      <val name="value" val="{com.google.android.exoplayer2.AudioFocusManager.PLAYER_COMMAND_DO_NOT_PLAY, com.google.android.exoplayer2.AudioFocusManager.PLAYER_COMMAND_WAIT_FOR_CALLBACK, com.google.android.exoplayer2.AudioFocusManager.PLAYER_COMMAND_PLAY_WHEN_READY}" />
    </annotation>
  </item>
  <item name="com.google.android.exoplayer2.AudioFocusManager int updateAudioFocus(boolean, int)">
    <annotation name="androidx.annotation.IntDef">
      <val name="value" val="{com.google.android.exoplayer2.AudioFocusManager.PLAYER_COMMAND_DO_NOT_PLAY, com.google.android.exoplayer2.AudioFocusManager.PLAYER_COMMAND_WAIT_FOR_CALLBACK, com.google.android.exoplayer2.AudioFocusManager.PLAYER_COMMAND_PLAY_WHEN_READY}" />
    </annotation>
  </item>
  <item name="com.google.android.exoplayer2.AudioFocusManager int updateAudioFocus(boolean, int) 1">
    <annotation name="androidx.annotation.IntDef">
      <val name="value" val="{com.google.android.exoplayer2.Player.STATE_IDLE, com.google.android.exoplayer2.Player.STATE_BUFFERING, com.google.android.exoplayer2.Player.STATE_READY, com.google.android.exoplayer2.Player.STATE_ENDED}" />
    </annotation>
  </item>
  <item name="com.google.android.exoplayer2.AudioFocusManager void executePlayerCommand(int) 0">
    <annotation name="androidx.annotation.IntDef">
      <val name="value" val="{com.google.android.exoplayer2.AudioFocusManager.PLAYER_COMMAND_DO_NOT_PLAY, com.google.android.exoplayer2.AudioFocusManager.PLAYER_COMMAND_WAIT_FOR_CALLBACK, com.google.android.exoplayer2.AudioFocusManager.PLAYER_COMMAND_PLAY_WHEN_READY}" />
    </annotation>
  </item>
  <item name="com.google.android.exoplayer2.AudioFocusManager void setAudioFocusState(int) 0">
    <annotation name="androidx.annotation.IntDef">
      <val name="value" val="{com.google.android.exoplayer2.AudioFocusManager.AUDIO_FOCUS_STATE_NO_FOCUS, com.google.android.exoplayer2.AudioFocusManager.AUDIO_FOCUS_STATE_HAVE_FOCUS, com.google.android.exoplayer2.AudioFocusManager.AUDIO_FOCUS_STATE_LOSS_TRANSIENT, com.google.android.exoplayer2.AudioFocusManager.AUDIO_FOCUS_STATE_LOSS_TRANSIENT_DUCK}" />
    </annotation>
  </item>
  <item name="com.google.android.exoplayer2.AudioFocusManager.PlayerCommand">
    <annotation name="androidx.annotation.IntDef">
      <val name="value" val="{com.google.android.exoplayer2.AudioFocusManager.PLAYER_COMMAND_DO_NOT_PLAY, com.google.android.exoplayer2.AudioFocusManager.PLAYER_COMMAND_WAIT_FOR_CALLBACK, com.google.android.exoplayer2.AudioFocusManager.PLAYER_COMMAND_PLAY_WHEN_READY}" />
    </annotation>
  </item>
  <item name="com.google.android.exoplayer2.AudioFocusManager.PlayerControl void executePlayerCommand(int) 0">
    <annotation name="androidx.annotation.IntDef">
      <val name="value" val="{com.google.android.exoplayer2.AudioFocusManager.PLAYER_COMMAND_DO_NOT_PLAY, com.google.android.exoplayer2.AudioFocusManager.PLAYER_COMMAND_WAIT_FOR_CALLBACK, com.google.android.exoplayer2.AudioFocusManager.PLAYER_COMMAND_PLAY_WHEN_READY}" />
    </annotation>
  </item>
  <item name="com.google.android.exoplayer2.BasePlayer int getRepeatModeForNavigation()">
    <annotation name="androidx.annotation.IntDef">
      <val name="value" val="{com.google.android.exoplayer2.Player.REPEAT_MODE_OFF, com.google.android.exoplayer2.Player.REPEAT_MODE_ONE, com.google.android.exoplayer2.Player.REPEAT_MODE_ALL}" />
    </annotation>
  </item>
  <item name="com.google.android.exoplayer2.BaseRenderer int supportsMixedMimeTypeAdaptation()">
    <annotation name="androidx.annotation.IntDef">
      <val name="value" val="{com.google.android.exoplayer2.RendererCapabilities.ADAPTIVE_SEAMLESS, com.google.android.exoplayer2.RendererCapabilities.ADAPTIVE_NOT_SEAMLESS, com.google.android.exoplayer2.RendererCapabilities.ADAPTIVE_NOT_SUPPORTED}" />
    </annotation>
  </item>
  <item name="com.google.android.exoplayer2.C.AudioAllowedCapturePolicy">
    <annotation name="androidx.annotation.IntDef">
      <val name="value" val="{com.google.android.exoplayer2.C.ALLOW_CAPTURE_BY_ALL, com.google.android.exoplayer2.C.ALLOW_CAPTURE_BY_NONE, com.google.android.exoplayer2.C.ALLOW_CAPTURE_BY_SYSTEM}" />
    </annotation>
  </item>
  <item name="com.google.android.exoplayer2.C.AudioContentType">
    <annotation name="androidx.annotation.IntDef">
      <val name="value" val="{com.google.android.exoplayer2.C.CONTENT_TYPE_MOVIE, com.google.android.exoplayer2.C.CONTENT_TYPE_MUSIC, com.google.android.exoplayer2.C.CONTENT_TYPE_SONIFICATION, com.google.android.exoplayer2.C.CONTENT_TYPE_SPEECH, com.google.android.exoplayer2.C.CONTENT_TYPE_UNKNOWN}" />
    </annotation>
  </item>
  <item name="com.google.android.exoplayer2.C.AudioFlags">
    <annotation name="androidx.annotation.IntDef">
      <val name="flag" val="true" />
      <val name="value" val="{com.google.android.exoplayer2.C.FLAG_AUDIBILITY_ENFORCED}" />
    </annotation>
  </item>
  <item name="com.google.android.exoplayer2.C.AudioFocusGain">
    <annotation name="androidx.annotation.IntDef">
      <val name="value" val="{com.google.android.exoplayer2.C.AUDIOFOCUS_NONE, com.google.android.exoplayer2.C.AUDIOFOCUS_GAIN, com.google.android.exoplayer2.C.AUDIOFOCUS_GAIN_TRANSIENT, com.google.android.exoplayer2.C.AUDIOFOCUS_GAIN_TRANSIENT_MAY_DUCK, com.google.android.exoplayer2.C.AUDIOFOCUS_GAIN_TRANSIENT_EXCLUSIVE}" />
    </annotation>
  </item>
  <item name="com.google.android.exoplayer2.C.AudioUsage">
    <annotation name="androidx.annotation.IntDef">
      <val name="value" val="{com.google.android.exoplayer2.C.USAGE_ALARM, com.google.android.exoplayer2.C.USAGE_ASSISTANCE_ACCESSIBILITY, com.google.android.exoplayer2.C.USAGE_ASSISTANCE_NAVIGATION_GUIDANCE, com.google.android.exoplayer2.C.USAGE_ASSISTANCE_SONIFICATION, com.google.android.exoplayer2.C.USAGE_ASSISTANT, com.google.android.exoplayer2.C.USAGE_GAME, com.google.android.exoplayer2.C.USAGE_MEDIA, com.google.android.exoplayer2.C.USAGE_NOTIFICATION, com.google.android.exoplayer2.C.USAGE_NOTIFICATION_COMMUNICATION_DELAYED, com.google.android.exoplayer2.C.USAGE_NOTIFICATION_COMMUNICATION_INSTANT, com.google.android.exoplayer2.C.USAGE_NOTIFICATION_COMMUNICATION_REQUEST, com.google.android.exoplayer2.C.USAGE_NOTIFICATION_EVENT, com.google.android.exoplayer2.C.USAGE_NOTIFICATION_RINGTONE, com.google.android.exoplayer2.C.USAGE_UNKNOWN, com.google.android.exoplayer2.C.USAGE_VOICE_COMMUNICATION, com.google.android.exoplayer2.C.USAGE_VOICE_COMMUNICATION_SIGNALLING}" />
    </annotation>
  </item>
  <item name="com.google.android.exoplayer2.C.BufferFlags">
    <annotation name="androidx.annotation.IntDef">
      <val name="flag" val="true" />
      <val name="value" val="{com.google.android.exoplayer2.C.BUFFER_FLAG_KEY_FRAME, com.google.android.exoplayer2.C.BUFFER_FLAG_END_OF_STREAM, com.google.android.exoplayer2.C.BUFFER_FLAG_HAS_SUPPLEMENTAL_DATA, com.google.android.exoplayer2.C.BUFFER_FLAG_LAST_SAMPLE, com.google.android.exoplayer2.C.BUFFER_FLAG_ENCRYPTED, com.google.android.exoplayer2.C.BUFFER_FLAG_DECODE_ONLY}" />
    </annotation>
  </item>
  <item name="com.google.android.exoplayer2.C.ColorRange">
    <annotation name="androidx.annotation.IntDef">
      <val name="value" val="{com.google.android.exoplayer2.Format.NO_VALUE, com.google.android.exoplayer2.C.COLOR_RANGE_LIMITED, com.google.android.exoplayer2.C.COLOR_RANGE_FULL}" />
    </annotation>
  </item>
  <item name="com.google.android.exoplayer2.C.ColorSpace">
    <annotation name="androidx.annotation.IntDef">
      <val name="value" val="{com.google.android.exoplayer2.Format.NO_VALUE, com.google.android.exoplayer2.C.COLOR_SPACE_BT709, com.google.android.exoplayer2.C.COLOR_SPACE_BT601, com.google.android.exoplayer2.C.COLOR_SPACE_BT2020}" />
    </annotation>
  </item>
  <item name="com.google.android.exoplayer2.C.ColorTransfer">
    <annotation name="androidx.annotation.IntDef">
      <val name="value" val="{com.google.android.exoplayer2.Format.NO_VALUE, com.google.android.exoplayer2.C.COLOR_TRANSFER_SDR, com.google.android.exoplayer2.C.COLOR_TRANSFER_ST2084, com.google.android.exoplayer2.C.COLOR_TRANSFER_HLG}" />
    </annotation>
  </item>
  <item name="com.google.android.exoplayer2.C.ContentType">
    <annotation name="androidx.annotation.IntDef">
      <val name="value" val="{com.google.android.exoplayer2.C.TYPE_DASH, com.google.android.exoplayer2.C.TYPE_SS, com.google.android.exoplayer2.C.TYPE_HLS, com.google.android.exoplayer2.C.TYPE_OTHER}" />
    </annotation>
  </item>
  <item name="com.google.android.exoplayer2.C.CryptoMode">
    <annotation name="androidx.annotation.IntDef">
      <val name="value" val="{com.google.android.exoplayer2.C.CRYPTO_MODE_UNENCRYPTED, com.google.android.exoplayer2.C.CRYPTO_MODE_AES_CTR, com.google.android.exoplayer2.C.CRYPTO_MODE_AES_CBC}" />
    </annotation>
  </item>
  <item name="com.google.android.exoplayer2.C.Encoding">
    <annotation name="androidx.annotation.IntDef">
      <val name="value" val="{com.google.android.exoplayer2.Format.NO_VALUE, com.google.android.exoplayer2.C.ENCODING_INVALID, com.google.android.exoplayer2.C.ENCODING_PCM_8BIT, com.google.android.exoplayer2.C.ENCODING_PCM_16BIT, com.google.android.exoplayer2.C.ENCODING_PCM_16BIT_BIG_ENDIAN, com.google.android.exoplayer2.C.ENCODING_PCM_24BIT, com.google.android.exoplayer2.C.ENCODING_PCM_32BIT, com.google.android.exoplayer2.C.ENCODING_PCM_FLOAT, com.google.android.exoplayer2.C.ENCODING_MP3, com.google.android.exoplayer2.C.ENCODING_AC3, com.google.android.exoplayer2.C.ENCODING_E_AC3, com.google.android.exoplayer2.C.ENCODING_E_AC3_JOC, com.google.android.exoplayer2.C.ENCODING_AC4, com.google.android.exoplayer2.C.ENCODING_DTS, com.google.android.exoplayer2.C.ENCODING_DTS_HD, com.google.android.exoplayer2.C.ENCODING_DOLBY_TRUEHD}" />
    </annotation>
  </item>
  <item name="com.google.android.exoplayer2.C.NetworkType">
    <annotation name="androidx.annotation.IntDef">
      <val name="value" val="{com.google.android.exoplayer2.C.NETWORK_TYPE_UNKNOWN, com.google.android.exoplayer2.C.NETWORK_TYPE_OFFLINE, com.google.android.exoplayer2.C.NETWORK_TYPE_WIFI, com.google.android.exoplayer2.C.NETWORK_TYPE_2G, com.google.android.exoplayer2.C.NETWORK_TYPE_3G, com.google.android.exoplayer2.C.NETWORK_TYPE_4G, com.google.android.exoplayer2.C.NETWORK_TYPE_5G, com.google.android.exoplayer2.C.NETWORK_TYPE_CELLULAR_UNKNOWN, com.google.android.exoplayer2.C.NETWORK_TYPE_ETHERNET, com.google.android.exoplayer2.C.NETWORK_TYPE_OTHER}" />
    </annotation>
  </item>
  <item name="com.google.android.exoplayer2.C.PcmEncoding">
    <annotation name="androidx.annotation.IntDef">
      <val name="value" val="{com.google.android.exoplayer2.Format.NO_VALUE, com.google.android.exoplayer2.C.ENCODING_INVALID, com.google.android.exoplayer2.C.ENCODING_PCM_8BIT, com.google.android.exoplayer2.C.ENCODING_PCM_16BIT, com.google.android.exoplayer2.C.ENCODING_PCM_16BIT_BIG_ENDIAN, com.google.android.exoplayer2.C.ENCODING_PCM_24BIT, com.google.android.exoplayer2.C.ENCODING_PCM_32BIT, com.google.android.exoplayer2.C.ENCODING_PCM_FLOAT}" />
    </annotation>
  </item>
  <item name="com.google.android.exoplayer2.C.Projection">
    <annotation name="androidx.annotation.IntDef">
      <val name="value" val="{com.google.android.exoplayer2.Format.NO_VALUE, com.google.android.exoplayer2.C.PROJECTION_RECTANGULAR, com.google.android.exoplayer2.C.PROJECTION_EQUIRECTANGULAR, com.google.android.exoplayer2.C.PROJECTION_CUBEMAP, com.google.android.exoplayer2.C.PROJECTION_MESH}" />
    </annotation>
  </item>
  <item name="com.google.android.exoplayer2.C.RoleFlags">
    <annotation name="androidx.annotation.IntDef">
      <val name="flag" val="true" />
      <val name="value" val="{com.google.android.exoplayer2.C.ROLE_FLAG_MAIN, com.google.android.exoplayer2.C.ROLE_FLAG_ALTERNATE, com.google.android.exoplayer2.C.ROLE_FLAG_SUPPLEMENTARY, com.google.android.exoplayer2.C.ROLE_FLAG_COMMENTARY, com.google.android.exoplayer2.C.ROLE_FLAG_DUB, com.google.android.exoplayer2.C.ROLE_FLAG_EMERGENCY, com.google.android.exoplayer2.C.ROLE_FLAG_CAPTION, com.google.android.exoplayer2.C.ROLE_FLAG_SUBTITLE, com.google.android.exoplayer2.C.ROLE_FLAG_SIGN, com.google.android.exoplayer2.C.ROLE_FLAG_DESCRIBES_VIDEO, com.google.android.exoplayer2.C.ROLE_FLAG_DESCRIBES_MUSIC_AND_SOUND, com.google.android.exoplayer2.C.ROLE_FLAG_ENHANCED_DIALOG_INTELLIGIBILITY, com.google.android.exoplayer2.C.ROLE_FLAG_TRANSCRIBES_DIALOG, com.google.android.exoplayer2.C.ROLE_FLAG_EASY_TO_READ, com.google.android.exoplayer2.C.ROLE_FLAG_TRICK_PLAY}" />
    </annotation>
  </item>
  <item name="com.google.android.exoplayer2.C.SelectionFlags">
    <annotation name="androidx.annotation.IntDef">
      <val name="flag" val="true" />
      <val name="value" val="{com.google.android.exoplayer2.C.SELECTION_FLAG_DEFAULT, com.google.android.exoplayer2.C.SELECTION_FLAG_FORCED, com.google.android.exoplayer2.C.SELECTION_FLAG_AUTOSELECT}" />
    </annotation>
  </item>
  <item name="com.google.android.exoplayer2.C.StereoMode">
    <annotation name="androidx.annotation.IntDef">
      <val name="value" val="{com.google.android.exoplayer2.Format.NO_VALUE, com.google.android.exoplayer2.C.STEREO_MODE_MONO, com.google.android.exoplayer2.C.STEREO_MODE_TOP_BOTTOM, com.google.android.exoplayer2.C.STEREO_MODE_LEFT_RIGHT, com.google.android.exoplayer2.C.STEREO_MODE_STEREO_MESH}" />
    </annotation>
  </item>
  <item name="com.google.android.exoplayer2.C.StreamType">
    <annotation name="androidx.annotation.IntDef">
      <val name="value" val="{com.google.android.exoplayer2.C.STREAM_TYPE_ALARM, com.google.android.exoplayer2.C.STREAM_TYPE_DTMF, com.google.android.exoplayer2.C.STREAM_TYPE_MUSIC, com.google.android.exoplayer2.C.STREAM_TYPE_NOTIFICATION, com.google.android.exoplayer2.C.STREAM_TYPE_RING, com.google.android.exoplayer2.C.STREAM_TYPE_SYSTEM, com.google.android.exoplayer2.C.STREAM_TYPE_VOICE_CALL, com.google.android.exoplayer2.C.STREAM_TYPE_USE_DEFAULT}" />
    </annotation>
  </item>
  <item name="com.google.android.exoplayer2.C.VideoOutputMode">
    <annotation name="androidx.annotation.IntDef">
      <val name="value" val="{com.google.android.exoplayer2.C.VIDEO_OUTPUT_MODE_NONE, com.google.android.exoplayer2.C.VIDEO_OUTPUT_MODE_YUV, com.google.android.exoplayer2.C.VIDEO_OUTPUT_MODE_SURFACE_YUV}" />
    </annotation>
  </item>
  <item name="com.google.android.exoplayer2.C.VideoScalingMode">
    <annotation name="androidx.annotation.IntDef">
      <val name="value" val="{com.google.android.exoplayer2.C.VIDEO_SCALING_MODE_SCALE_TO_FIT, com.google.android.exoplayer2.C.VIDEO_SCALING_MODE_SCALE_TO_FIT_WITH_CROPPING}" />
    </annotation>
  </item>
  <item name="com.google.android.exoplayer2.C.WakeMode">
    <annotation name="androidx.annotation.IntDef">
      <val name="value" val="{com.google.android.exoplayer2.C.WAKE_MODE_NONE, com.google.android.exoplayer2.C.WAKE_MODE_LOCAL, com.google.android.exoplayer2.C.WAKE_MODE_NETWORK}" />
    </annotation>
  </item>
  <item name="com.google.android.exoplayer2.ControlDispatcher boolean dispatchSetRepeatMode(com.google.android.exoplayer2.Player, int) 1">
    <annotation name="androidx.annotation.IntDef">
      <val name="value" val="{com.google.android.exoplayer2.Player.REPEAT_MODE_OFF, com.google.android.exoplayer2.Player.REPEAT_MODE_ONE, com.google.android.exoplayer2.Player.REPEAT_MODE_ALL}" />
    </annotation>
  </item>
  <item name="com.google.android.exoplayer2.DefaultControlDispatcher boolean dispatchSetRepeatMode(com.google.android.exoplayer2.Player, int) 1">
    <annotation name="androidx.annotation.IntDef">
      <val name="value" val="{com.google.android.exoplayer2.Player.REPEAT_MODE_OFF, com.google.android.exoplayer2.Player.REPEAT_MODE_ONE, com.google.android.exoplayer2.Player.REPEAT_MODE_ALL}" />
    </annotation>
  </item>
  <item name="com.google.android.exoplayer2.DefaultRenderersFactory DefaultRenderersFactory(android.content.Context, com.google.android.exoplayer2.drm.DrmSessionManager&lt;com.google.android.exoplayer2.drm.FrameworkMediaCrypto&gt;, int) 2">
    <annotation name="androidx.annotation.IntDef">
      <val name="value" val="{com.google.android.exoplayer2.DefaultRenderersFactory.EXTENSION_RENDERER_MODE_OFF, com.google.android.exoplayer2.DefaultRenderersFactory.EXTENSION_RENDERER_MODE_ON, com.google.android.exoplayer2.DefaultRenderersFactory.EXTENSION_RENDERER_MODE_PREFER}" />
    </annotation>
  </item>
  <item name="com.google.android.exoplayer2.DefaultRenderersFactory DefaultRenderersFactory(android.content.Context, com.google.android.exoplayer2.drm.DrmSessionManager&lt;com.google.android.exoplayer2.drm.FrameworkMediaCrypto&gt;, int, long) 2">
    <annotation name="androidx.annotation.IntDef">
      <val name="value" val="{com.google.android.exoplayer2.DefaultRenderersFactory.EXTENSION_RENDERER_MODE_OFF, com.google.android.exoplayer2.DefaultRenderersFactory.EXTENSION_RENDERER_MODE_ON, com.google.android.exoplayer2.DefaultRenderersFactory.EXTENSION_RENDERER_MODE_PREFER}" />
    </annotation>
  </item>
  <item name="com.google.android.exoplayer2.DefaultRenderersFactory DefaultRenderersFactory(android.content.Context, int) 1">
    <annotation name="androidx.annotation.IntDef">
      <val name="value" val="{com.google.android.exoplayer2.DefaultRenderersFactory.EXTENSION_RENDERER_MODE_OFF, com.google.android.exoplayer2.DefaultRenderersFactory.EXTENSION_RENDERER_MODE_ON, com.google.android.exoplayer2.DefaultRenderersFactory.EXTENSION_RENDERER_MODE_PREFER}" />
    </annotation>
  </item>
  <item name="com.google.android.exoplayer2.DefaultRenderersFactory DefaultRenderersFactory(android.content.Context, int, long) 1">
    <annotation name="androidx.annotation.IntDef">
      <val name="value" val="{com.google.android.exoplayer2.DefaultRenderersFactory.EXTENSION_RENDERER_MODE_OFF, com.google.android.exoplayer2.DefaultRenderersFactory.EXTENSION_RENDERER_MODE_ON, com.google.android.exoplayer2.DefaultRenderersFactory.EXTENSION_RENDERER_MODE_PREFER}" />
    </annotation>
  </item>
  <item name="com.google.android.exoplayer2.DefaultRenderersFactory com.google.android.exoplayer2.DefaultRenderersFactory setExtensionRendererMode(int) 0">
    <annotation name="androidx.annotation.IntDef">
      <val name="value" val="{com.google.android.exoplayer2.DefaultRenderersFactory.EXTENSION_RENDERER_MODE_OFF, com.google.android.exoplayer2.DefaultRenderersFactory.EXTENSION_RENDERER_MODE_ON, com.google.android.exoplayer2.DefaultRenderersFactory.EXTENSION_RENDERER_MODE_PREFER}" />
    </annotation>
  </item>
  <item name="com.google.android.exoplayer2.DefaultRenderersFactory extensionRendererMode">
    <annotation name="androidx.annotation.IntDef">
      <val name="value" val="{com.google.android.exoplayer2.DefaultRenderersFactory.EXTENSION_RENDERER_MODE_OFF, com.google.android.exoplayer2.DefaultRenderersFactory.EXTENSION_RENDERER_MODE_ON, com.google.android.exoplayer2.DefaultRenderersFactory.EXTENSION_RENDERER_MODE_PREFER}" />
    </annotation>
  </item>
  <item name="com.google.android.exoplayer2.DefaultRenderersFactory void buildAudioRenderers(android.content.Context, int, com.google.android.exoplayer2.mediacodec.MediaCodecSelector, com.google.android.exoplayer2.drm.DrmSessionManager&lt;com.google.android.exoplayer2.drm.FrameworkMediaCrypto&gt;, boolean, boolean, com.google.android.exoplayer2.audio.AudioProcessor[], android.os.Handler, com.google.android.exoplayer2.audio.AudioRendererEventListener, java.util.ArrayList&lt;com.google.android.exoplayer2.Renderer&gt;) 1">
    <annotation name="androidx.annotation.IntDef">
      <val name="value" val="{com.google.android.exoplayer2.DefaultRenderersFactory.EXTENSION_RENDERER_MODE_OFF, com.google.android.exoplayer2.DefaultRenderersFactory.EXTENSION_RENDERER_MODE_ON, com.google.android.exoplayer2.DefaultRenderersFactory.EXTENSION_RENDERER_MODE_PREFER}" />
    </annotation>
  </item>
  <item name="com.google.android.exoplayer2.DefaultRenderersFactory void buildCameraMotionRenderers(android.content.Context, int, java.util.ArrayList&lt;com.google.android.exoplayer2.Renderer&gt;) 1">
    <annotation name="androidx.annotation.IntDef">
      <val name="value" val="{com.google.android.exoplayer2.DefaultRenderersFactory.EXTENSION_RENDERER_MODE_OFF, com.google.android.exoplayer2.DefaultRenderersFactory.EXTENSION_RENDERER_MODE_ON, com.google.android.exoplayer2.DefaultRenderersFactory.EXTENSION_RENDERER_MODE_PREFER}" />
    </annotation>
  </item>
  <item name="com.google.android.exoplayer2.DefaultRenderersFactory void buildMetadataRenderers(android.content.Context, com.google.android.exoplayer2.metadata.MetadataOutput, android.os.Looper, int, java.util.ArrayList&lt;com.google.android.exoplayer2.Renderer&gt;) 3">
    <annotation name="androidx.annotation.IntDef">
      <val name="value" val="{com.google.android.exoplayer2.DefaultRenderersFactory.EXTENSION_RENDERER_MODE_OFF, com.google.android.exoplayer2.DefaultRenderersFactory.EXTENSION_RENDERER_MODE_ON, com.google.android.exoplayer2.DefaultRenderersFactory.EXTENSION_RENDERER_MODE_PREFER}" />
    </annotation>
  </item>
  <item name="com.google.android.exoplayer2.DefaultRenderersFactory void buildMiscellaneousRenderers(android.content.Context, android.os.Handler, int, java.util.ArrayList&lt;com.google.android.exoplayer2.Renderer&gt;) 2">
    <annotation name="androidx.annotation.IntDef">
      <val name="value" val="{com.google.android.exoplayer2.DefaultRenderersFactory.EXTENSION_RENDERER_MODE_OFF, com.google.android.exoplayer2.DefaultRenderersFactory.EXTENSION_RENDERER_MODE_ON, com.google.android.exoplayer2.DefaultRenderersFactory.EXTENSION_RENDERER_MODE_PREFER}" />
    </annotation>
  </item>
  <item name="com.google.android.exoplayer2.DefaultRenderersFactory void buildTextRenderers(android.content.Context, com.google.android.exoplayer2.text.TextOutput, android.os.Looper, int, java.util.ArrayList&lt;com.google.android.exoplayer2.Renderer&gt;) 3">
    <annotation name="androidx.annotation.IntDef">
      <val name="value" val="{com.google.android.exoplayer2.DefaultRenderersFactory.EXTENSION_RENDERER_MODE_OFF, com.google.android.exoplayer2.DefaultRenderersFactory.EXTENSION_RENDERER_MODE_ON, com.google.android.exoplayer2.DefaultRenderersFactory.EXTENSION_RENDERER_MODE_PREFER}" />
    </annotation>
  </item>
  <item name="com.google.android.exoplayer2.DefaultRenderersFactory void buildVideoRenderers(android.content.Context, int, com.google.android.exoplayer2.mediacodec.MediaCodecSelector, com.google.android.exoplayer2.drm.DrmSessionManager&lt;com.google.android.exoplayer2.drm.FrameworkMediaCrypto&gt;, boolean, boolean, android.os.Handler, com.google.android.exoplayer2.video.VideoRendererEventListener, long, java.util.ArrayList&lt;com.google.android.exoplayer2.Renderer&gt;) 1">
    <annotation name="androidx.annotation.IntDef">
      <val name="value" val="{com.google.android.exoplayer2.DefaultRenderersFactory.EXTENSION_RENDERER_MODE_OFF, com.google.android.exoplayer2.DefaultRenderersFactory.EXTENSION_RENDERER_MODE_ON, com.google.android.exoplayer2.DefaultRenderersFactory.EXTENSION_RENDERER_MODE_PREFER}" />
    </annotation>
  </item>
  <item name="com.google.android.exoplayer2.DefaultRenderersFactory.ExtensionRendererMode">
    <annotation name="androidx.annotation.IntDef">
      <val name="value" val="{com.google.android.exoplayer2.DefaultRenderersFactory.EXTENSION_RENDERER_MODE_OFF, com.google.android.exoplayer2.DefaultRenderersFactory.EXTENSION_RENDERER_MODE_ON, com.google.android.exoplayer2.DefaultRenderersFactory.EXTENSION_RENDERER_MODE_PREFER}" />
    </annotation>
  </item>
  <item name="com.google.android.exoplayer2.ExoPlaybackException ExoPlaybackException(int, java.lang.String) 0">
    <annotation name="androidx.annotation.IntDef">
      <val name="value" val="{com.google.android.exoplayer2.ExoPlaybackException.TYPE_SOURCE, com.google.android.exoplayer2.ExoPlaybackException.TYPE_RENDERER, com.google.android.exoplayer2.ExoPlaybackException.TYPE_UNEXPECTED, com.google.android.exoplayer2.ExoPlaybackException.TYPE_REMOTE, com.google.android.exoplayer2.ExoPlaybackException.TYPE_OUT_OF_MEMORY}" />
    </annotation>
  </item>
  <item name="com.google.android.exoplayer2.ExoPlaybackException ExoPlaybackException(int, java.lang.Throwable) 0">
    <annotation name="androidx.annotation.IntDef">
      <val name="value" val="{com.google.android.exoplayer2.ExoPlaybackException.TYPE_SOURCE, com.google.android.exoplayer2.ExoPlaybackException.TYPE_RENDERER, com.google.android.exoplayer2.ExoPlaybackException.TYPE_UNEXPECTED, com.google.android.exoplayer2.ExoPlaybackException.TYPE_REMOTE, com.google.android.exoplayer2.ExoPlaybackException.TYPE_OUT_OF_MEMORY}" />
    </annotation>
  </item>
  <item name="com.google.android.exoplayer2.ExoPlaybackException ExoPlaybackException(int, java.lang.Throwable, int, com.google.android.exoplayer2.Format, int) 0">
    <annotation name="androidx.annotation.IntDef">
      <val name="value" val="{com.google.android.exoplayer2.ExoPlaybackException.TYPE_SOURCE, com.google.android.exoplayer2.ExoPlaybackException.TYPE_RENDERER, com.google.android.exoplayer2.ExoPlaybackException.TYPE_UNEXPECTED, com.google.android.exoplayer2.ExoPlaybackException.TYPE_REMOTE, com.google.android.exoplayer2.ExoPlaybackException.TYPE_OUT_OF_MEMORY}" />
    </annotation>
  </item>
  <item name="com.google.android.exoplayer2.ExoPlaybackException ExoPlaybackException(int, java.lang.Throwable, int, com.google.android.exoplayer2.Format, int) 4">
    <annotation name="androidx.annotation.IntDef">
      <val name="value" val="{com.google.android.exoplayer2.RendererCapabilities.FORMAT_HANDLED, com.google.android.exoplayer2.RendererCapabilities.FORMAT_EXCEEDS_CAPABILITIES, com.google.android.exoplayer2.RendererCapabilities.FORMAT_UNSUPPORTED_DRM, com.google.android.exoplayer2.RendererCapabilities.FORMAT_UNSUPPORTED_SUBTYPE, com.google.android.exoplayer2.RendererCapabilities.FORMAT_UNSUPPORTED_TYPE}" />
    </annotation>
  </item>
  <item name="com.google.android.exoplayer2.ExoPlaybackException com.google.android.exoplayer2.ExoPlaybackException createForRenderer(java.lang.Exception, int, com.google.android.exoplayer2.Format, int) 3">
    <annotation name="androidx.annotation.IntDef">
      <val name="value" val="{com.google.android.exoplayer2.RendererCapabilities.FORMAT_HANDLED, com.google.android.exoplayer2.RendererCapabilities.FORMAT_EXCEEDS_CAPABILITIES, com.google.android.exoplayer2.RendererCapabilities.FORMAT_UNSUPPORTED_DRM, com.google.android.exoplayer2.RendererCapabilities.FORMAT_UNSUPPORTED_SUBTYPE, com.google.android.exoplayer2.RendererCapabilities.FORMAT_UNSUPPORTED_TYPE}" />
    </annotation>
  </item>
  <item name="com.google.android.exoplayer2.ExoPlaybackException rendererFormatSupport">
    <annotation name="androidx.annotation.IntDef">
      <val name="value" val="{com.google.android.exoplayer2.RendererCapabilities.FORMAT_HANDLED, com.google.android.exoplayer2.RendererCapabilities.FORMAT_EXCEEDS_CAPABILITIES, com.google.android.exoplayer2.RendererCapabilities.FORMAT_UNSUPPORTED_DRM, com.google.android.exoplayer2.RendererCapabilities.FORMAT_UNSUPPORTED_SUBTYPE, com.google.android.exoplayer2.RendererCapabilities.FORMAT_UNSUPPORTED_TYPE}" />
    </annotation>
  </item>
  <item name="com.google.android.exoplayer2.ExoPlaybackException type">
    <annotation name="androidx.annotation.IntDef">
      <val name="value" val="{com.google.android.exoplayer2.ExoPlaybackException.TYPE_SOURCE, com.google.android.exoplayer2.ExoPlaybackException.TYPE_RENDERER, com.google.android.exoplayer2.ExoPlaybackException.TYPE_UNEXPECTED, com.google.android.exoplayer2.ExoPlaybackException.TYPE_REMOTE, com.google.android.exoplayer2.ExoPlaybackException.TYPE_OUT_OF_MEMORY}" />
    </annotation>
  </item>
  <item name="com.google.android.exoplayer2.ExoPlaybackException.Type">
    <annotation name="androidx.annotation.IntDef">
      <val name="value" val="{com.google.android.exoplayer2.ExoPlaybackException.TYPE_SOURCE, com.google.android.exoplayer2.ExoPlaybackException.TYPE_RENDERER, com.google.android.exoplayer2.ExoPlaybackException.TYPE_UNEXPECTED, com.google.android.exoplayer2.ExoPlaybackException.TYPE_REMOTE, com.google.android.exoplayer2.ExoPlaybackException.TYPE_OUT_OF_MEMORY}" />
    </annotation>
  </item>
  <item name="com.google.android.exoplayer2.ExoPlayerFactory com.google.android.exoplayer2.SimpleExoPlayer newSimpleInstance(android.content.Context, com.google.android.exoplayer2.trackselection.TrackSelector, com.google.android.exoplayer2.LoadControl, com.google.android.exoplayer2.drm.DrmSessionManager&lt;com.google.android.exoplayer2.drm.FrameworkMediaCrypto&gt;, int) 4">
    <annotation name="androidx.annotation.IntDef">
      <val name="value" val="{com.google.android.exoplayer2.DefaultRenderersFactory.EXTENSION_RENDERER_MODE_OFF, com.google.android.exoplayer2.DefaultRenderersFactory.EXTENSION_RENDERER_MODE_ON, com.google.android.exoplayer2.DefaultRenderersFactory.EXTENSION_RENDERER_MODE_PREFER}" />
    </annotation>
  </item>
  <item name="com.google.android.exoplayer2.ExoPlayerFactory com.google.android.exoplayer2.SimpleExoPlayer newSimpleInstance(android.content.Context, com.google.android.exoplayer2.trackselection.TrackSelector, com.google.android.exoplayer2.LoadControl, com.google.android.exoplayer2.drm.DrmSessionManager&lt;com.google.android.exoplayer2.drm.FrameworkMediaCrypto&gt;, int, long) 4">
    <annotation name="androidx.annotation.IntDef">
      <val name="value" val="{com.google.android.exoplayer2.DefaultRenderersFactory.EXTENSION_RENDERER_MODE_OFF, com.google.android.exoplayer2.DefaultRenderersFactory.EXTENSION_RENDERER_MODE_ON, com.google.android.exoplayer2.DefaultRenderersFactory.EXTENSION_RENDERER_MODE_PREFER}" />
    </annotation>
  </item>
  <item name="com.google.android.exoplayer2.ExoPlayerImpl com.google.android.exoplayer2.PlaybackInfo getResetPlaybackInfo(boolean, boolean, boolean, int) 3">
    <annotation name="androidx.annotation.IntDef">
      <val name="value" val="{com.google.android.exoplayer2.Player.STATE_IDLE, com.google.android.exoplayer2.Player.STATE_BUFFERING, com.google.android.exoplayer2.Player.STATE_READY, com.google.android.exoplayer2.Player.STATE_ENDED}" />
    </annotation>
  </item>
  <item name="com.google.android.exoplayer2.ExoPlayerImpl int getPlaybackState()">
    <annotation name="androidx.annotation.IntDef">
      <val name="value" val="{com.google.android.exoplayer2.Player.STATE_IDLE, com.google.android.exoplayer2.Player.STATE_BUFFERING, com.google.android.exoplayer2.Player.STATE_READY, com.google.android.exoplayer2.Player.STATE_ENDED}" />
    </annotation>
  </item>
  <item name="com.google.android.exoplayer2.ExoPlayerImpl int getPlaybackSuppressionReason()">
    <annotation name="androidx.annotation.IntDef">
      <val name="value" val="{com.google.android.exoplayer2.Player.PLAYBACK_SUPPRESSION_REASON_NONE, com.google.android.exoplayer2.Player.PLAYBACK_SUPPRESSION_REASON_TRANSIENT_AUDIO_FOCUS_LOSS}" />
    </annotation>
  </item>
  <item name="com.google.android.exoplayer2.ExoPlayerImpl int getRepeatMode()">
    <annotation name="androidx.annotation.IntDef">
      <val name="value" val="{com.google.android.exoplayer2.Player.REPEAT_MODE_OFF, com.google.android.exoplayer2.Player.REPEAT_MODE_ONE, com.google.android.exoplayer2.Player.REPEAT_MODE_ALL}" />
    </annotation>
  </item>
  <item name="com.google.android.exoplayer2.ExoPlayerImpl playbackSuppressionReason">
    <annotation name="androidx.annotation.IntDef">
      <val name="value" val="{com.google.android.exoplayer2.Player.PLAYBACK_SUPPRESSION_REASON_NONE, com.google.android.exoplayer2.Player.PLAYBACK_SUPPRESSION_REASON_TRANSIENT_AUDIO_FOCUS_LOSS}" />
    </annotation>
  </item>
  <item name="com.google.android.exoplayer2.ExoPlayerImpl repeatMode">
    <annotation name="androidx.annotation.IntDef">
      <val name="value" val="{com.google.android.exoplayer2.Player.REPEAT_MODE_OFF, com.google.android.exoplayer2.Player.REPEAT_MODE_ONE, com.google.android.exoplayer2.Player.REPEAT_MODE_ALL}" />
    </annotation>
  </item>
  <item name="com.google.android.exoplayer2.ExoPlayerImpl void handlePlaybackInfo(com.google.android.exoplayer2.PlaybackInfo, int, boolean, int) 3">
    <annotation name="androidx.annotation.IntDef">
      <val name="value" val="{com.google.android.exoplayer2.Player.DISCONTINUITY_REASON_PERIOD_TRANSITION, com.google.android.exoplayer2.Player.DISCONTINUITY_REASON_SEEK, com.google.android.exoplayer2.Player.DISCONTINUITY_REASON_SEEK_ADJUSTMENT, com.google.android.exoplayer2.Player.DISCONTINUITY_REASON_AD_INSERTION, com.google.android.exoplayer2.Player.DISCONTINUITY_REASON_INTERNAL}" />
    </annotation>
  </item>
  <item name="com.google.android.exoplayer2.ExoPlayerImpl void setPlayWhenReady(boolean, int) 1">
    <annotation name="androidx.annotation.IntDef">
      <val name="value" val="{com.google.android.exoplayer2.Player.PLAYBACK_SUPPRESSION_REASON_NONE, com.google.android.exoplayer2.Player.PLAYBACK_SUPPRESSION_REASON_TRANSIENT_AUDIO_FOCUS_LOSS}" />
    </annotation>
  </item>
  <item name="com.google.android.exoplayer2.ExoPlayerImpl void setRepeatMode(int) 0">
    <annotation name="androidx.annotation.IntDef">
      <val name="value" val="{com.google.android.exoplayer2.Player.REPEAT_MODE_OFF, com.google.android.exoplayer2.Player.REPEAT_MODE_ONE, com.google.android.exoplayer2.Player.REPEAT_MODE_ALL}" />
    </annotation>
  </item>
  <item name="com.google.android.exoplayer2.ExoPlayerImpl void updatePlaybackInfo(com.google.android.exoplayer2.PlaybackInfo, boolean, int, int, boolean) 2">
    <annotation name="androidx.annotation.IntDef">
      <val name="value" val="{com.google.android.exoplayer2.Player.DISCONTINUITY_REASON_PERIOD_TRANSITION, com.google.android.exoplayer2.Player.DISCONTINUITY_REASON_SEEK, com.google.android.exoplayer2.Player.DISCONTINUITY_REASON_SEEK_ADJUSTMENT, com.google.android.exoplayer2.Player.DISCONTINUITY_REASON_AD_INSERTION, com.google.android.exoplayer2.Player.DISCONTINUITY_REASON_INTERNAL}" />
    </annotation>
  </item>
  <item name="com.google.android.exoplayer2.ExoPlayerImpl void updatePlaybackInfo(com.google.android.exoplayer2.PlaybackInfo, boolean, int, int, boolean) 3">
    <annotation name="androidx.annotation.IntDef">
      <val name="value" val="{com.google.android.exoplayer2.Player.TIMELINE_CHANGE_REASON_PREPARED, com.google.android.exoplayer2.Player.TIMELINE_CHANGE_REASON_RESET, com.google.android.exoplayer2.Player.TIMELINE_CHANGE_REASON_DYNAMIC}" />
    </annotation>
  </item>
  <item name="com.google.android.exoplayer2.ExoPlayerImpl.PlaybackInfoUpdate PlaybackInfoUpdate(com.google.android.exoplayer2.PlaybackInfo, com.google.android.exoplayer2.PlaybackInfo, java.util.concurrent.CopyOnWriteArrayList&lt;com.google.android.exoplayer2.BasePlayer.ListenerHolder&gt;, com.google.android.exoplayer2.trackselection.TrackSelector, boolean, int, int, boolean, boolean, boolean) 5">
    <annotation name="androidx.annotation.IntDef">
      <val name="value" val="{com.google.android.exoplayer2.Player.DISCONTINUITY_REASON_PERIOD_TRANSITION, com.google.android.exoplayer2.Player.DISCONTINUITY_REASON_SEEK, com.google.android.exoplayer2.Player.DISCONTINUITY_REASON_SEEK_ADJUSTMENT, com.google.android.exoplayer2.Player.DISCONTINUITY_REASON_AD_INSERTION, com.google.android.exoplayer2.Player.DISCONTINUITY_REASON_INTERNAL}" />
    </annotation>
  </item>
  <item name="com.google.android.exoplayer2.ExoPlayerImpl.PlaybackInfoUpdate PlaybackInfoUpdate(com.google.android.exoplayer2.PlaybackInfo, com.google.android.exoplayer2.PlaybackInfo, java.util.concurrent.CopyOnWriteArrayList&lt;com.google.android.exoplayer2.BasePlayer.ListenerHolder&gt;, com.google.android.exoplayer2.trackselection.TrackSelector, boolean, int, int, boolean, boolean, boolean) 6">
    <annotation name="androidx.annotation.IntDef">
      <val name="value" val="{com.google.android.exoplayer2.Player.TIMELINE_CHANGE_REASON_PREPARED, com.google.android.exoplayer2.Player.TIMELINE_CHANGE_REASON_RESET, com.google.android.exoplayer2.Player.TIMELINE_CHANGE_REASON_DYNAMIC}" />
    </annotation>
  </item>
  <item name="com.google.android.exoplayer2.ExoPlayerImpl.PlaybackInfoUpdate positionDiscontinuityReason">
    <annotation name="androidx.annotation.IntDef">
      <val name="value" val="{com.google.android.exoplayer2.Player.DISCONTINUITY_REASON_PERIOD_TRANSITION, com.google.android.exoplayer2.Player.DISCONTINUITY_REASON_SEEK, com.google.android.exoplayer2.Player.DISCONTINUITY_REASON_SEEK_ADJUSTMENT, com.google.android.exoplayer2.Player.DISCONTINUITY_REASON_AD_INSERTION, com.google.android.exoplayer2.Player.DISCONTINUITY_REASON_INTERNAL}" />
    </annotation>
  </item>
  <item name="com.google.android.exoplayer2.ExoPlayerImpl.PlaybackInfoUpdate timelineChangeReason">
    <annotation name="androidx.annotation.IntDef">
      <val name="value" val="{com.google.android.exoplayer2.Player.TIMELINE_CHANGE_REASON_PREPARED, com.google.android.exoplayer2.Player.TIMELINE_CHANGE_REASON_RESET, com.google.android.exoplayer2.Player.TIMELINE_CHANGE_REASON_DYNAMIC}" />
    </annotation>
  </item>
  <item name="com.google.android.exoplayer2.ExoPlayerImplInternal ExoPlayerImplInternal(com.google.android.exoplayer2.Renderer[], com.google.android.exoplayer2.trackselection.TrackSelector, com.google.android.exoplayer2.trackselection.TrackSelectorResult, com.google.android.exoplayer2.LoadControl, com.google.android.exoplayer2.upstream.BandwidthMeter, boolean, int, boolean, android.os.Handler, com.google.android.exoplayer2.util.Clock) 6">
    <annotation name="androidx.annotation.IntDef">
      <val name="value" val="{com.google.android.exoplayer2.Player.REPEAT_MODE_OFF, com.google.android.exoplayer2.Player.REPEAT_MODE_ONE, com.google.android.exoplayer2.Player.REPEAT_MODE_ALL}" />
    </annotation>
  </item>
  <item name="com.google.android.exoplayer2.ExoPlayerImplInternal repeatMode">
    <annotation name="androidx.annotation.IntDef">
      <val name="value" val="{com.google.android.exoplayer2.Player.REPEAT_MODE_OFF, com.google.android.exoplayer2.Player.REPEAT_MODE_ONE, com.google.android.exoplayer2.Player.REPEAT_MODE_ALL}" />
    </annotation>
  </item>
  <item name="com.google.android.exoplayer2.ExoPlayerImplInternal void setRepeatMode(int) 0">
    <annotation name="androidx.annotation.IntDef">
      <val name="value" val="{com.google.android.exoplayer2.Player.REPEAT_MODE_OFF, com.google.android.exoplayer2.Player.REPEAT_MODE_ONE, com.google.android.exoplayer2.Player.REPEAT_MODE_ALL}" />
    </annotation>
  </item>
  <item name="com.google.android.exoplayer2.ExoPlayerImplInternal void setRepeatModeInternal(int) 0">
    <annotation name="androidx.annotation.IntDef">
      <val name="value" val="{com.google.android.exoplayer2.Player.REPEAT_MODE_OFF, com.google.android.exoplayer2.Player.REPEAT_MODE_ONE, com.google.android.exoplayer2.Player.REPEAT_MODE_ALL}" />
    </annotation>
  </item>
  <item name="com.google.android.exoplayer2.ExoPlayerImplInternal.PlaybackInfoUpdate discontinuityReason">
    <annotation name="androidx.annotation.IntDef">
      <val name="value" val="{com.google.android.exoplayer2.Player.DISCONTINUITY_REASON_PERIOD_TRANSITION, com.google.android.exoplayer2.Player.DISCONTINUITY_REASON_SEEK, com.google.android.exoplayer2.Player.DISCONTINUITY_REASON_SEEK_ADJUSTMENT, com.google.android.exoplayer2.Player.DISCONTINUITY_REASON_AD_INSERTION, com.google.android.exoplayer2.Player.DISCONTINUITY_REASON_INTERNAL}" />
    </annotation>
  </item>
  <item name="com.google.android.exoplayer2.ExoPlayerImplInternal.PlaybackInfoUpdate void setPositionDiscontinuity(int) 0">
    <annotation name="androidx.annotation.IntDef">
      <val name="value" val="{com.google.android.exoplayer2.Player.DISCONTINUITY_REASON_PERIOD_TRANSITION, com.google.android.exoplayer2.Player.DISCONTINUITY_REASON_SEEK, com.google.android.exoplayer2.Player.DISCONTINUITY_REASON_SEEK_ADJUSTMENT, com.google.android.exoplayer2.Player.DISCONTINUITY_REASON_AD_INSERTION, com.google.android.exoplayer2.Player.DISCONTINUITY_REASON_INTERNAL}" />
    </annotation>
  </item>
  <item name="com.google.android.exoplayer2.Format Format(java.lang.String, java.lang.String, int, int, int, java.lang.String, com.google.android.exoplayer2.metadata.Metadata, java.lang.String, java.lang.String, int, java.util.List&lt;byte[]&gt;, com.google.android.exoplayer2.drm.DrmInitData, long, int, int, float, int, float, byte[], int, com.google.android.exoplayer2.video.ColorInfo, int, int, int, int, int, java.lang.String, int, java.lang.Class&lt;? extends com.google.android.exoplayer2.drm.ExoMediaCrypto&gt;) 19">
    <annotation name="androidx.annotation.IntDef">
      <val name="value" val="{com.google.android.exoplayer2.Format.NO_VALUE, com.google.android.exoplayer2.C.STEREO_MODE_MONO, com.google.android.exoplayer2.C.STEREO_MODE_TOP_BOTTOM, com.google.android.exoplayer2.C.STEREO_MODE_LEFT_RIGHT, com.google.android.exoplayer2.C.STEREO_MODE_STEREO_MESH}" />
    </annotation>
  </item>
  <item name="com.google.android.exoplayer2.Format Format(java.lang.String, java.lang.String, int, int, int, java.lang.String, com.google.android.exoplayer2.metadata.Metadata, java.lang.String, java.lang.String, int, java.util.List&lt;byte[]&gt;, com.google.android.exoplayer2.drm.DrmInitData, long, int, int, float, int, float, byte[], int, com.google.android.exoplayer2.video.ColorInfo, int, int, int, int, int, java.lang.String, int, java.lang.Class&lt;? extends com.google.android.exoplayer2.drm.ExoMediaCrypto&gt;) 2">
    <annotation name="androidx.annotation.IntDef">
      <val name="flag" val="true" />
      <val name="value" val="{com.google.android.exoplayer2.C.SELECTION_FLAG_DEFAULT, com.google.android.exoplayer2.C.SELECTION_FLAG_FORCED, com.google.android.exoplayer2.C.SELECTION_FLAG_AUTOSELECT}" />
    </annotation>
  </item>
  <item name="com.google.android.exoplayer2.Format Format(java.lang.String, java.lang.String, int, int, int, java.lang.String, com.google.android.exoplayer2.metadata.Metadata, java.lang.String, java.lang.String, int, java.util.List&lt;byte[]&gt;, com.google.android.exoplayer2.drm.DrmInitData, long, int, int, float, int, float, byte[], int, com.google.android.exoplayer2.video.ColorInfo, int, int, int, int, int, java.lang.String, int, java.lang.Class&lt;? extends com.google.android.exoplayer2.drm.ExoMediaCrypto&gt;) 23">
    <annotation name="androidx.annotation.IntDef">
      <val name="value" val="{com.google.android.exoplayer2.Format.NO_VALUE, com.google.android.exoplayer2.C.ENCODING_INVALID, com.google.android.exoplayer2.C.ENCODING_PCM_8BIT, com.google.android.exoplayer2.C.ENCODING_PCM_16BIT, com.google.android.exoplayer2.C.ENCODING_PCM_16BIT_BIG_ENDIAN, com.google.android.exoplayer2.C.ENCODING_PCM_24BIT, com.google.android.exoplayer2.C.ENCODING_PCM_32BIT, com.google.android.exoplayer2.C.ENCODING_PCM_FLOAT}" />
    </annotation>
  </item>
  <item name="com.google.android.exoplayer2.Format Format(java.lang.String, java.lang.String, int, int, int, java.lang.String, com.google.android.exoplayer2.metadata.Metadata, java.lang.String, java.lang.String, int, java.util.List&lt;byte[]&gt;, com.google.android.exoplayer2.drm.DrmInitData, long, int, int, float, int, float, byte[], int, com.google.android.exoplayer2.video.ColorInfo, int, int, int, int, int, java.lang.String, int, java.lang.Class&lt;? extends com.google.android.exoplayer2.drm.ExoMediaCrypto&gt;) 3">
    <annotation name="androidx.annotation.IntDef">
      <val name="flag" val="true" />
      <val name="value" val="{com.google.android.exoplayer2.C.ROLE_FLAG_MAIN, com.google.android.exoplayer2.C.ROLE_FLAG_ALTERNATE, com.google.android.exoplayer2.C.ROLE_FLAG_SUPPLEMENTARY, com.google.android.exoplayer2.C.ROLE_FLAG_COMMENTARY, com.google.android.exoplayer2.C.ROLE_FLAG_DUB, com.google.android.exoplayer2.C.ROLE_FLAG_EMERGENCY, com.google.android.exoplayer2.C.ROLE_FLAG_CAPTION, com.google.android.exoplayer2.C.ROLE_FLAG_SUBTITLE, com.google.android.exoplayer2.C.ROLE_FLAG_SIGN, com.google.android.exoplayer2.C.ROLE_FLAG_DESCRIBES_VIDEO, com.google.android.exoplayer2.C.ROLE_FLAG_DESCRIBES_MUSIC_AND_SOUND, com.google.android.exoplayer2.C.ROLE_FLAG_ENHANCED_DIALOG_INTELLIGIBILITY, com.google.android.exoplayer2.C.ROLE_FLAG_TRANSCRIBES_DIALOG, com.google.android.exoplayer2.C.ROLE_FLAG_EASY_TO_READ, com.google.android.exoplayer2.C.ROLE_FLAG_TRICK_PLAY}" />
    </annotation>
  </item>
  <item name="com.google.android.exoplayer2.Format com.google.android.exoplayer2.Format copyWithContainerInfo(java.lang.String, java.lang.String, java.lang.String, java.lang.String, com.google.android.exoplayer2.metadata.Metadata, int, int, int, int, int, java.lang.String) 9">
    <annotation name="androidx.annotation.IntDef">
      <val name="flag" val="true" />
      <val name="value" val="{com.google.android.exoplayer2.C.SELECTION_FLAG_DEFAULT, com.google.android.exoplayer2.C.SELECTION_FLAG_FORCED, com.google.android.exoplayer2.C.SELECTION_FLAG_AUTOSELECT}" />
    </annotation>
  </item>
  <item name="com.google.android.exoplayer2.Format com.google.android.exoplayer2.Format createAudioContainerFormat(java.lang.String, java.lang.String, java.lang.String, java.lang.String, int, int, int, java.util.List&lt;byte[]&gt;, int, java.lang.String) 8">
    <annotation name="androidx.annotation.IntDef">
      <val name="flag" val="true" />
      <val name="value" val="{com.google.android.exoplayer2.C.SELECTION_FLAG_DEFAULT, com.google.android.exoplayer2.C.SELECTION_FLAG_FORCED, com.google.android.exoplayer2.C.SELECTION_FLAG_AUTOSELECT}" />
    </annotation>
  </item>
  <item name="com.google.android.exoplayer2.Format com.google.android.exoplayer2.Format createAudioContainerFormat(java.lang.String, java.lang.String, java.lang.String, java.lang.String, java.lang.String, com.google.android.exoplayer2.metadata.Metadata, int, int, int, java.util.List&lt;byte[]&gt;, int, int, java.lang.String) 10">
    <annotation name="androidx.annotation.IntDef">
      <val name="flag" val="true" />
      <val name="value" val="{com.google.android.exoplayer2.C.SELECTION_FLAG_DEFAULT, com.google.android.exoplayer2.C.SELECTION_FLAG_FORCED, com.google.android.exoplayer2.C.SELECTION_FLAG_AUTOSELECT}" />
    </annotation>
  </item>
  <item name="com.google.android.exoplayer2.Format com.google.android.exoplayer2.Format createAudioContainerFormat(java.lang.String, java.lang.String, java.lang.String, java.lang.String, java.lang.String, com.google.android.exoplayer2.metadata.Metadata, int, int, int, java.util.List&lt;byte[]&gt;, int, int, java.lang.String) 11">
    <annotation name="androidx.annotation.IntDef">
      <val name="flag" val="true" />
      <val name="value" val="{com.google.android.exoplayer2.C.ROLE_FLAG_MAIN, com.google.android.exoplayer2.C.ROLE_FLAG_ALTERNATE, com.google.android.exoplayer2.C.ROLE_FLAG_SUPPLEMENTARY, com.google.android.exoplayer2.C.ROLE_FLAG_COMMENTARY, com.google.android.exoplayer2.C.ROLE_FLAG_DUB, com.google.android.exoplayer2.C.ROLE_FLAG_EMERGENCY, com.google.android.exoplayer2.C.ROLE_FLAG_CAPTION, com.google.android.exoplayer2.C.ROLE_FLAG_SUBTITLE, com.google.android.exoplayer2.C.ROLE_FLAG_SIGN, com.google.android.exoplayer2.C.ROLE_FLAG_DESCRIBES_VIDEO, com.google.android.exoplayer2.C.ROLE_FLAG_DESCRIBES_MUSIC_AND_SOUND, com.google.android.exoplayer2.C.ROLE_FLAG_ENHANCED_DIALOG_INTELLIGIBILITY, com.google.android.exoplayer2.C.ROLE_FLAG_TRANSCRIBES_DIALOG, com.google.android.exoplayer2.C.ROLE_FLAG_EASY_TO_READ, com.google.android.exoplayer2.C.ROLE_FLAG_TRICK_PLAY}" />
    </annotation>
  </item>
  <item name="com.google.android.exoplayer2.Format com.google.android.exoplayer2.Format createAudioSampleFormat(java.lang.String, java.lang.String, java.lang.String, int, int, int, int, int, int, int, java.util.List&lt;byte[]&gt;, com.google.android.exoplayer2.drm.DrmInitData, int, java.lang.String, com.google.android.exoplayer2.metadata.Metadata) 12">
    <annotation name="androidx.annotation.IntDef">
      <val name="flag" val="true" />
      <val name="value" val="{com.google.android.exoplayer2.C.SELECTION_FLAG_DEFAULT, com.google.android.exoplayer2.C.SELECTION_FLAG_FORCED, com.google.android.exoplayer2.C.SELECTION_FLAG_AUTOSELECT}" />
    </annotation>
  </item>
  <item name="com.google.android.exoplayer2.Format com.google.android.exoplayer2.Format createAudioSampleFormat(java.lang.String, java.lang.String, java.lang.String, int, int, int, int, int, int, int, java.util.List&lt;byte[]&gt;, com.google.android.exoplayer2.drm.DrmInitData, int, java.lang.String, com.google.android.exoplayer2.metadata.Metadata) 7">
    <annotation name="androidx.annotation.IntDef">
      <val name="value" val="{com.google.android.exoplayer2.Format.NO_VALUE, com.google.android.exoplayer2.C.ENCODING_INVALID, com.google.android.exoplayer2.C.ENCODING_PCM_8BIT, com.google.android.exoplayer2.C.ENCODING_PCM_16BIT, com.google.android.exoplayer2.C.ENCODING_PCM_16BIT_BIG_ENDIAN, com.google.android.exoplayer2.C.ENCODING_PCM_24BIT, com.google.android.exoplayer2.C.ENCODING_PCM_32BIT, com.google.android.exoplayer2.C.ENCODING_PCM_FLOAT}" />
    </annotation>
  </item>
  <item name="com.google.android.exoplayer2.Format com.google.android.exoplayer2.Format createAudioSampleFormat(java.lang.String, java.lang.String, java.lang.String, int, int, int, int, int, java.util.List&lt;byte[]&gt;, com.google.android.exoplayer2.drm.DrmInitData, int, java.lang.String) 10">
    <annotation name="androidx.annotation.IntDef">
      <val name="flag" val="true" />
      <val name="value" val="{com.google.android.exoplayer2.C.SELECTION_FLAG_DEFAULT, com.google.android.exoplayer2.C.SELECTION_FLAG_FORCED, com.google.android.exoplayer2.C.SELECTION_FLAG_AUTOSELECT}" />
    </annotation>
  </item>
  <item name="com.google.android.exoplayer2.Format com.google.android.exoplayer2.Format createAudioSampleFormat(java.lang.String, java.lang.String, java.lang.String, int, int, int, int, int, java.util.List&lt;byte[]&gt;, com.google.android.exoplayer2.drm.DrmInitData, int, java.lang.String) 7">
    <annotation name="androidx.annotation.IntDef">
      <val name="value" val="{com.google.android.exoplayer2.Format.NO_VALUE, com.google.android.exoplayer2.C.ENCODING_INVALID, com.google.android.exoplayer2.C.ENCODING_PCM_8BIT, com.google.android.exoplayer2.C.ENCODING_PCM_16BIT, com.google.android.exoplayer2.C.ENCODING_PCM_16BIT_BIG_ENDIAN, com.google.android.exoplayer2.C.ENCODING_PCM_24BIT, com.google.android.exoplayer2.C.ENCODING_PCM_32BIT, com.google.android.exoplayer2.C.ENCODING_PCM_FLOAT}" />
    </annotation>
  </item>
  <item name="com.google.android.exoplayer2.Format com.google.android.exoplayer2.Format createAudioSampleFormat(java.lang.String, java.lang.String, java.lang.String, int, int, int, int, java.util.List&lt;byte[]&gt;, com.google.android.exoplayer2.drm.DrmInitData, int, java.lang.String) 9">
    <annotation name="androidx.annotation.IntDef">
      <val name="flag" val="true" />
      <val name="value" val="{com.google.android.exoplayer2.C.SELECTION_FLAG_DEFAULT, com.google.android.exoplayer2.C.SELECTION_FLAG_FORCED, com.google.android.exoplayer2.C.SELECTION_FLAG_AUTOSELECT}" />
    </annotation>
  </item>
  <item name="com.google.android.exoplayer2.Format com.google.android.exoplayer2.Format createContainerFormat(java.lang.String, java.lang.String, java.lang.String, java.lang.String, int, int, java.lang.String) 5">
    <annotation name="androidx.annotation.IntDef">
      <val name="flag" val="true" />
      <val name="value" val="{com.google.android.exoplayer2.C.SELECTION_FLAG_DEFAULT, com.google.android.exoplayer2.C.SELECTION_FLAG_FORCED, com.google.android.exoplayer2.C.SELECTION_FLAG_AUTOSELECT}" />
    </annotation>
  </item>
  <item name="com.google.android.exoplayer2.Format com.google.android.exoplayer2.Format createContainerFormat(java.lang.String, java.lang.String, java.lang.String, java.lang.String, java.lang.String, int, int, int, java.lang.String) 6">
    <annotation name="androidx.annotation.IntDef">
      <val name="flag" val="true" />
      <val name="value" val="{com.google.android.exoplayer2.C.SELECTION_FLAG_DEFAULT, com.google.android.exoplayer2.C.SELECTION_FLAG_FORCED, com.google.android.exoplayer2.C.SELECTION_FLAG_AUTOSELECT}" />
    </annotation>
  </item>
  <item name="com.google.android.exoplayer2.Format com.google.android.exoplayer2.Format createContainerFormat(java.lang.String, java.lang.String, java.lang.String, java.lang.String, java.lang.String, int, int, int, java.lang.String) 7">
    <annotation name="androidx.annotation.IntDef">
      <val name="flag" val="true" />
      <val name="value" val="{com.google.android.exoplayer2.C.ROLE_FLAG_MAIN, com.google.android.exoplayer2.C.ROLE_FLAG_ALTERNATE, com.google.android.exoplayer2.C.ROLE_FLAG_SUPPLEMENTARY, com.google.android.exoplayer2.C.ROLE_FLAG_COMMENTARY, com.google.android.exoplayer2.C.ROLE_FLAG_DUB, com.google.android.exoplayer2.C.ROLE_FLAG_EMERGENCY, com.google.android.exoplayer2.C.ROLE_FLAG_CAPTION, com.google.android.exoplayer2.C.ROLE_FLAG_SUBTITLE, com.google.android.exoplayer2.C.ROLE_FLAG_SIGN, com.google.android.exoplayer2.C.ROLE_FLAG_DESCRIBES_VIDEO, com.google.android.exoplayer2.C.ROLE_FLAG_DESCRIBES_MUSIC_AND_SOUND, com.google.android.exoplayer2.C.ROLE_FLAG_ENHANCED_DIALOG_INTELLIGIBILITY, com.google.android.exoplayer2.C.ROLE_FLAG_TRANSCRIBES_DIALOG, com.google.android.exoplayer2.C.ROLE_FLAG_EASY_TO_READ, com.google.android.exoplayer2.C.ROLE_FLAG_TRICK_PLAY}" />
    </annotation>
  </item>
  <item name="com.google.android.exoplayer2.Format com.google.android.exoplayer2.Format createImageSampleFormat(java.lang.String, java.lang.String, java.lang.String, int, int, java.util.List&lt;byte[]&gt;, java.lang.String, com.google.android.exoplayer2.drm.DrmInitData) 4">
    <annotation name="androidx.annotation.IntDef">
      <val name="flag" val="true" />
      <val name="value" val="{com.google.android.exoplayer2.C.SELECTION_FLAG_DEFAULT, com.google.android.exoplayer2.C.SELECTION_FLAG_FORCED, com.google.android.exoplayer2.C.SELECTION_FLAG_AUTOSELECT}" />
    </annotation>
  </item>
  <item name="com.google.android.exoplayer2.Format com.google.android.exoplayer2.Format createTextContainerFormat(java.lang.String, java.lang.String, java.lang.String, java.lang.String, java.lang.String, int, int, int, java.lang.String) 6">
    <annotation name="androidx.annotation.IntDef">
      <val name="flag" val="true" />
      <val name="value" val="{com.google.android.exoplayer2.C.SELECTION_FLAG_DEFAULT, com.google.android.exoplayer2.C.SELECTION_FLAG_FORCED, com.google.android.exoplayer2.C.SELECTION_FLAG_AUTOSELECT}" />
    </annotation>
  </item>
  <item name="com.google.android.exoplayer2.Format com.google.android.exoplayer2.Format createTextContainerFormat(java.lang.String, java.lang.String, java.lang.String, java.lang.String, java.lang.String, int, int, int, java.lang.String) 7">
    <annotation name="androidx.annotation.IntDef">
      <val name="flag" val="true" />
      <val name="value" val="{com.google.android.exoplayer2.C.ROLE_FLAG_MAIN, com.google.android.exoplayer2.C.ROLE_FLAG_ALTERNATE, com.google.android.exoplayer2.C.ROLE_FLAG_SUPPLEMENTARY, com.google.android.exoplayer2.C.ROLE_FLAG_COMMENTARY, com.google.android.exoplayer2.C.ROLE_FLAG_DUB, com.google.android.exoplayer2.C.ROLE_FLAG_EMERGENCY, com.google.android.exoplayer2.C.ROLE_FLAG_CAPTION, com.google.android.exoplayer2.C.ROLE_FLAG_SUBTITLE, com.google.android.exoplayer2.C.ROLE_FLAG_SIGN, com.google.android.exoplayer2.C.ROLE_FLAG_DESCRIBES_VIDEO, com.google.android.exoplayer2.C.ROLE_FLAG_DESCRIBES_MUSIC_AND_SOUND, com.google.android.exoplayer2.C.ROLE_FLAG_ENHANCED_DIALOG_INTELLIGIBILITY, com.google.android.exoplayer2.C.ROLE_FLAG_TRANSCRIBES_DIALOG, com.google.android.exoplayer2.C.ROLE_FLAG_EASY_TO_READ, com.google.android.exoplayer2.C.ROLE_FLAG_TRICK_PLAY}" />
    </annotation>
  </item>
  <item name="com.google.android.exoplayer2.Format com.google.android.exoplayer2.Format createTextContainerFormat(java.lang.String, java.lang.String, java.lang.String, java.lang.String, java.lang.String, int, int, int, java.lang.String, int) 6">
    <annotation name="androidx.annotation.IntDef">
      <val name="flag" val="true" />
      <val name="value" val="{com.google.android.exoplayer2.C.SELECTION_FLAG_DEFAULT, com.google.android.exoplayer2.C.SELECTION_FLAG_FORCED, com.google.android.exoplayer2.C.SELECTION_FLAG_AUTOSELECT}" />
    </annotation>
  </item>
  <item name="com.google.android.exoplayer2.Format com.google.android.exoplayer2.Format createTextContainerFormat(java.lang.String, java.lang.String, java.lang.String, java.lang.String, java.lang.String, int, int, int, java.lang.String, int) 7">
    <annotation name="androidx.annotation.IntDef">
      <val name="flag" val="true" />
      <val name="value" val="{com.google.android.exoplayer2.C.ROLE_FLAG_MAIN, com.google.android.exoplayer2.C.ROLE_FLAG_ALTERNATE, com.google.android.exoplayer2.C.ROLE_FLAG_SUPPLEMENTARY, com.google.android.exoplayer2.C.ROLE_FLAG_COMMENTARY, com.google.android.exoplayer2.C.ROLE_FLAG_DUB, com.google.android.exoplayer2.C.ROLE_FLAG_EMERGENCY, com.google.android.exoplayer2.C.ROLE_FLAG_CAPTION, com.google.android.exoplayer2.C.ROLE_FLAG_SUBTITLE, com.google.android.exoplayer2.C.ROLE_FLAG_SIGN, com.google.android.exoplayer2.C.ROLE_FLAG_DESCRIBES_VIDEO, com.google.android.exoplayer2.C.ROLE_FLAG_DESCRIBES_MUSIC_AND_SOUND, com.google.android.exoplayer2.C.ROLE_FLAG_ENHANCED_DIALOG_INTELLIGIBILITY, com.google.android.exoplayer2.C.ROLE_FLAG_TRANSCRIBES_DIALOG, com.google.android.exoplayer2.C.ROLE_FLAG_EASY_TO_READ, com.google.android.exoplayer2.C.ROLE_FLAG_TRICK_PLAY}" />
    </annotation>
  </item>
  <item name="com.google.android.exoplayer2.Format com.google.android.exoplayer2.Format createTextSampleFormat(java.lang.String, java.lang.String, int, java.lang.String) 2">
    <annotation name="androidx.annotation.IntDef">
      <val name="flag" val="true" />
      <val name="value" val="{com.google.android.exoplayer2.C.SELECTION_FLAG_DEFAULT, com.google.android.exoplayer2.C.SELECTION_FLAG_FORCED, com.google.android.exoplayer2.C.SELECTION_FLAG_AUTOSELECT}" />
    </annotation>
  </item>
  <item name="com.google.android.exoplayer2.Format com.google.android.exoplayer2.Format createTextSampleFormat(java.lang.String, java.lang.String, int, java.lang.String, com.google.android.exoplayer2.drm.DrmInitData) 2">
    <annotation name="androidx.annotation.IntDef">
      <val name="flag" val="true" />
      <val name="value" val="{com.google.android.exoplayer2.C.SELECTION_FLAG_DEFAULT, com.google.android.exoplayer2.C.SELECTION_FLAG_FORCED, com.google.android.exoplayer2.C.SELECTION_FLAG_AUTOSELECT}" />
    </annotation>
  </item>
  <item name="com.google.android.exoplayer2.Format com.google.android.exoplayer2.Format createTextSampleFormat(java.lang.String, java.lang.String, java.lang.String, int, int, java.lang.String, com.google.android.exoplayer2.drm.DrmInitData, long) 4">
    <annotation name="androidx.annotation.IntDef">
      <val name="flag" val="true" />
      <val name="value" val="{com.google.android.exoplayer2.C.SELECTION_FLAG_DEFAULT, com.google.android.exoplayer2.C.SELECTION_FLAG_FORCED, com.google.android.exoplayer2.C.SELECTION_FLAG_AUTOSELECT}" />
    </annotation>
  </item>
  <item name="com.google.android.exoplayer2.Format com.google.android.exoplayer2.Format createTextSampleFormat(java.lang.String, java.lang.String, java.lang.String, int, int, java.lang.String, int, com.google.android.exoplayer2.drm.DrmInitData) 4">
    <annotation name="androidx.annotation.IntDef">
      <val name="flag" val="true" />
      <val name="value" val="{com.google.android.exoplayer2.C.SELECTION_FLAG_DEFAULT, com.google.android.exoplayer2.C.SELECTION_FLAG_FORCED, com.google.android.exoplayer2.C.SELECTION_FLAG_AUTOSELECT}" />
    </annotation>
  </item>
  <item name="com.google.android.exoplayer2.Format com.google.android.exoplayer2.Format createTextSampleFormat(java.lang.String, java.lang.String, java.lang.String, int, int, java.lang.String, int, com.google.android.exoplayer2.drm.DrmInitData, long, java.util.List&lt;byte[]&gt;) 4">
    <annotation name="androidx.annotation.IntDef">
      <val name="flag" val="true" />
      <val name="value" val="{com.google.android.exoplayer2.C.SELECTION_FLAG_DEFAULT, com.google.android.exoplayer2.C.SELECTION_FLAG_FORCED, com.google.android.exoplayer2.C.SELECTION_FLAG_AUTOSELECT}" />
    </annotation>
  </item>
  <item name="com.google.android.exoplayer2.Format com.google.android.exoplayer2.Format createVideoContainerFormat(java.lang.String, java.lang.String, java.lang.String, java.lang.String, int, int, int, float, java.util.List&lt;byte[]&gt;, int) 9">
    <annotation name="androidx.annotation.IntDef">
      <val name="flag" val="true" />
      <val name="value" val="{com.google.android.exoplayer2.C.SELECTION_FLAG_DEFAULT, com.google.android.exoplayer2.C.SELECTION_FLAG_FORCED, com.google.android.exoplayer2.C.SELECTION_FLAG_AUTOSELECT}" />
    </annotation>
  </item>
  <item name="com.google.android.exoplayer2.Format com.google.android.exoplayer2.Format createVideoContainerFormat(java.lang.String, java.lang.String, java.lang.String, java.lang.String, java.lang.String, com.google.android.exoplayer2.metadata.Metadata, int, int, int, float, java.util.List&lt;byte[]&gt;, int, int) 11">
    <annotation name="androidx.annotation.IntDef">
      <val name="flag" val="true" />
      <val name="value" val="{com.google.android.exoplayer2.C.SELECTION_FLAG_DEFAULT, com.google.android.exoplayer2.C.SELECTION_FLAG_FORCED, com.google.android.exoplayer2.C.SELECTION_FLAG_AUTOSELECT}" />
    </annotation>
  </item>
  <item name="com.google.android.exoplayer2.Format com.google.android.exoplayer2.Format createVideoContainerFormat(java.lang.String, java.lang.String, java.lang.String, java.lang.String, java.lang.String, com.google.android.exoplayer2.metadata.Metadata, int, int, int, float, java.util.List&lt;byte[]&gt;, int, int) 12">
    <annotation name="androidx.annotation.IntDef">
      <val name="flag" val="true" />
      <val name="value" val="{com.google.android.exoplayer2.C.ROLE_FLAG_MAIN, com.google.android.exoplayer2.C.ROLE_FLAG_ALTERNATE, com.google.android.exoplayer2.C.ROLE_FLAG_SUPPLEMENTARY, com.google.android.exoplayer2.C.ROLE_FLAG_COMMENTARY, com.google.android.exoplayer2.C.ROLE_FLAG_DUB, com.google.android.exoplayer2.C.ROLE_FLAG_EMERGENCY, com.google.android.exoplayer2.C.ROLE_FLAG_CAPTION, com.google.android.exoplayer2.C.ROLE_FLAG_SUBTITLE, com.google.android.exoplayer2.C.ROLE_FLAG_SIGN, com.google.android.exoplayer2.C.ROLE_FLAG_DESCRIBES_VIDEO, com.google.android.exoplayer2.C.ROLE_FLAG_DESCRIBES_MUSIC_AND_SOUND, com.google.android.exoplayer2.C.ROLE_FLAG_ENHANCED_DIALOG_INTELLIGIBILITY, com.google.android.exoplayer2.C.ROLE_FLAG_TRANSCRIBES_DIALOG, com.google.android.exoplayer2.C.ROLE_FLAG_EASY_TO_READ, com.google.android.exoplayer2.C.ROLE_FLAG_TRICK_PLAY}" />
    </annotation>
  </item>
  <item name="com.google.android.exoplayer2.Format com.google.android.exoplayer2.Format createVideoSampleFormat(java.lang.String, java.lang.String, java.lang.String, int, int, int, int, float, java.util.List&lt;byte[]&gt;, int, float, byte[], int, com.google.android.exoplayer2.video.ColorInfo, com.google.android.exoplayer2.drm.DrmInitData) 12">
    <annotation name="androidx.annotation.IntDef">
      <val name="value" val="{com.google.android.exoplayer2.Format.NO_VALUE, com.google.android.exoplayer2.C.STEREO_MODE_MONO, com.google.android.exoplayer2.C.STEREO_MODE_TOP_BOTTOM, com.google.android.exoplayer2.C.STEREO_MODE_LEFT_RIGHT, com.google.android.exoplayer2.C.STEREO_MODE_STEREO_MESH}" />
    </annotation>
  </item>
  <item name="com.google.android.exoplayer2.Format pcmEncoding">
    <annotation name="androidx.annotation.IntDef">
      <val name="value" val="{com.google.android.exoplayer2.Format.NO_VALUE, com.google.android.exoplayer2.C.ENCODING_INVALID, com.google.android.exoplayer2.C.ENCODING_PCM_8BIT, com.google.android.exoplayer2.C.ENCODING_PCM_16BIT, com.google.android.exoplayer2.C.ENCODING_PCM_16BIT_BIG_ENDIAN, com.google.android.exoplayer2.C.ENCODING_PCM_24BIT, com.google.android.exoplayer2.C.ENCODING_PCM_32BIT, com.google.android.exoplayer2.C.ENCODING_PCM_FLOAT}" />
    </annotation>
  </item>
  <item name="com.google.android.exoplayer2.Format roleFlags">
    <annotation name="androidx.annotation.IntDef">
      <val name="flag" val="true" />
      <val name="value" val="{com.google.android.exoplayer2.C.ROLE_FLAG_MAIN, com.google.android.exoplayer2.C.ROLE_FLAG_ALTERNATE, com.google.android.exoplayer2.C.ROLE_FLAG_SUPPLEMENTARY, com.google.android.exoplayer2.C.ROLE_FLAG_COMMENTARY, com.google.android.exoplayer2.C.ROLE_FLAG_DUB, com.google.android.exoplayer2.C.ROLE_FLAG_EMERGENCY, com.google.android.exoplayer2.C.ROLE_FLAG_CAPTION, com.google.android.exoplayer2.C.ROLE_FLAG_SUBTITLE, com.google.android.exoplayer2.C.ROLE_FLAG_SIGN, com.google.android.exoplayer2.C.ROLE_FLAG_DESCRIBES_VIDEO, com.google.android.exoplayer2.C.ROLE_FLAG_DESCRIBES_MUSIC_AND_SOUND, com.google.android.exoplayer2.C.ROLE_FLAG_ENHANCED_DIALOG_INTELLIGIBILITY, com.google.android.exoplayer2.C.ROLE_FLAG_TRANSCRIBES_DIALOG, com.google.android.exoplayer2.C.ROLE_FLAG_EASY_TO_READ, com.google.android.exoplayer2.C.ROLE_FLAG_TRICK_PLAY}" />
    </annotation>
  </item>
  <item name="com.google.android.exoplayer2.Format selectionFlags">
    <annotation name="androidx.annotation.IntDef">
      <val name="flag" val="true" />
      <val name="value" val="{com.google.android.exoplayer2.C.SELECTION_FLAG_DEFAULT, com.google.android.exoplayer2.C.SELECTION_FLAG_FORCED, com.google.android.exoplayer2.C.SELECTION_FLAG_AUTOSELECT}" />
    </annotation>
  </item>
  <item name="com.google.android.exoplayer2.Format stereoMode">
    <annotation name="androidx.annotation.IntDef">
      <val name="value" val="{com.google.android.exoplayer2.Format.NO_VALUE, com.google.android.exoplayer2.C.STEREO_MODE_MONO, com.google.android.exoplayer2.C.STEREO_MODE_TOP_BOTTOM, com.google.android.exoplayer2.C.STEREO_MODE_LEFT_RIGHT, com.google.android.exoplayer2.C.STEREO_MODE_STEREO_MESH}" />
    </annotation>
  </item>
  <item name="com.google.android.exoplayer2.MediaPeriodQueue boolean updateRepeatMode(int) 0">
    <annotation name="androidx.annotation.IntDef">
      <val name="value" val="{com.google.android.exoplayer2.Player.REPEAT_MODE_OFF, com.google.android.exoplayer2.Player.REPEAT_MODE_ONE, com.google.android.exoplayer2.Player.REPEAT_MODE_ALL}" />
    </annotation>
  </item>
  <item name="com.google.android.exoplayer2.MediaPeriodQueue repeatMode">
    <annotation name="androidx.annotation.IntDef">
      <val name="value" val="{com.google.android.exoplayer2.Player.REPEAT_MODE_OFF, com.google.android.exoplayer2.Player.REPEAT_MODE_ONE, com.google.android.exoplayer2.Player.REPEAT_MODE_ALL}" />
    </annotation>
  </item>
  <item name="com.google.android.exoplayer2.NoSampleRenderer int supportsFormat(com.google.android.exoplayer2.Format)">
  </item>
  <item name="com.google.android.exoplayer2.NoSampleRenderer int supportsMixedMimeTypeAdaptation()">
    <annotation name="androidx.annotation.IntDef">
      <val name="value" val="{com.google.android.exoplayer2.RendererCapabilities.ADAPTIVE_SEAMLESS, com.google.android.exoplayer2.RendererCapabilities.ADAPTIVE_NOT_SEAMLESS, com.google.android.exoplayer2.RendererCapabilities.ADAPTIVE_NOT_SUPPORTED}" />
    </annotation>
  </item>
  <item name="com.google.android.exoplayer2.PlaybackInfo PlaybackInfo(com.google.android.exoplayer2.Timeline, com.google.android.exoplayer2.source.MediaSource.MediaPeriodId, long, long, int, com.google.android.exoplayer2.ExoPlaybackException, boolean, com.google.android.exoplayer2.source.TrackGroupArray, com.google.android.exoplayer2.trackselection.TrackSelectorResult, com.google.android.exoplayer2.source.MediaSource.MediaPeriodId, long, long, long) 4">
    <annotation name="androidx.annotation.IntDef">
      <val name="value" val="{com.google.android.exoplayer2.Player.STATE_IDLE, com.google.android.exoplayer2.Player.STATE_BUFFERING, com.google.android.exoplayer2.Player.STATE_READY, com.google.android.exoplayer2.Player.STATE_ENDED}" />
    </annotation>
  </item>
  <item name="com.google.android.exoplayer2.PlaybackInfo playbackState">
    <annotation name="androidx.annotation.IntDef">
      <val name="value" val="{com.google.android.exoplayer2.Player.STATE_IDLE, com.google.android.exoplayer2.Player.STATE_BUFFERING, com.google.android.exoplayer2.Player.STATE_READY, com.google.android.exoplayer2.Player.STATE_ENDED}" />
    </annotation>
  </item>
  <item name="com.google.android.exoplayer2.Player int getPlaybackState()">
    <annotation name="androidx.annotation.IntDef">
      <val name="value" val="{com.google.android.exoplayer2.Player.STATE_IDLE, com.google.android.exoplayer2.Player.STATE_BUFFERING, com.google.android.exoplayer2.Player.STATE_READY, com.google.android.exoplayer2.Player.STATE_ENDED}" />
    </annotation>
  </item>
  <item name="com.google.android.exoplayer2.Player int getPlaybackSuppressionReason()">
    <annotation name="androidx.annotation.IntDef">
      <val name="value" val="{com.google.android.exoplayer2.Player.PLAYBACK_SUPPRESSION_REASON_NONE, com.google.android.exoplayer2.Player.PLAYBACK_SUPPRESSION_REASON_TRANSIENT_AUDIO_FOCUS_LOSS}" />
    </annotation>
  </item>
  <item name="com.google.android.exoplayer2.Player int getRepeatMode()">
    <annotation name="androidx.annotation.IntDef">
      <val name="value" val="{com.google.android.exoplayer2.Player.REPEAT_MODE_OFF, com.google.android.exoplayer2.Player.REPEAT_MODE_ONE, com.google.android.exoplayer2.Player.REPEAT_MODE_ALL}" />
    </annotation>
  </item>
  <item name="com.google.android.exoplayer2.Player void setRepeatMode(int) 0">
    <annotation name="androidx.annotation.IntDef">
      <val name="value" val="{com.google.android.exoplayer2.Player.REPEAT_MODE_OFF, com.google.android.exoplayer2.Player.REPEAT_MODE_ONE, com.google.android.exoplayer2.Player.REPEAT_MODE_ALL}" />
    </annotation>
  </item>
  <item name="com.google.android.exoplayer2.Player.DefaultEventListener void onTimelineChanged(com.google.android.exoplayer2.Timeline, int) 1">
    <annotation name="androidx.annotation.IntDef">
      <val name="value" val="{com.google.android.exoplayer2.Player.TIMELINE_CHANGE_REASON_PREPARED, com.google.android.exoplayer2.Player.TIMELINE_CHANGE_REASON_RESET, com.google.android.exoplayer2.Player.TIMELINE_CHANGE_REASON_DYNAMIC}" />
    </annotation>
  </item>
  <item name="com.google.android.exoplayer2.Player.DefaultEventListener void onTimelineChanged(com.google.android.exoplayer2.Timeline, java.lang.Object, int) 2">
    <annotation name="androidx.annotation.IntDef">
      <val name="value" val="{com.google.android.exoplayer2.Player.TIMELINE_CHANGE_REASON_PREPARED, com.google.android.exoplayer2.Player.TIMELINE_CHANGE_REASON_RESET, com.google.android.exoplayer2.Player.TIMELINE_CHANGE_REASON_DYNAMIC}" />
    </annotation>
  </item>
  <item name="com.google.android.exoplayer2.Player.DiscontinuityReason">
    <annotation name="androidx.annotation.IntDef">
      <val name="value" val="{com.google.android.exoplayer2.Player.DISCONTINUITY_REASON_PERIOD_TRANSITION, com.google.android.exoplayer2.Player.DISCONTINUITY_REASON_SEEK, com.google.android.exoplayer2.Player.DISCONTINUITY_REASON_SEEK_ADJUSTMENT, com.google.android.exoplayer2.Player.DISCONTINUITY_REASON_AD_INSERTION, com.google.android.exoplayer2.Player.DISCONTINUITY_REASON_INTERNAL}" />
    </annotation>
  </item>
  <item name="com.google.android.exoplayer2.Player.EventListener void onPlaybackSuppressionReasonChanged(int) 0">
    <annotation name="androidx.annotation.IntDef">
      <val name="value" val="{com.google.android.exoplayer2.Player.PLAYBACK_SUPPRESSION_REASON_NONE, com.google.android.exoplayer2.Player.PLAYBACK_SUPPRESSION_REASON_TRANSIENT_AUDIO_FOCUS_LOSS}" />
    </annotation>
  </item>
  <item name="com.google.android.exoplayer2.Player.EventListener void onPlayerStateChanged(boolean, int) 1">
    <annotation name="androidx.annotation.IntDef">
      <val name="value" val="{com.google.android.exoplayer2.Player.STATE_IDLE, com.google.android.exoplayer2.Player.STATE_BUFFERING, com.google.android.exoplayer2.Player.STATE_READY, com.google.android.exoplayer2.Player.STATE_ENDED}" />
    </annotation>
  </item>
  <item name="com.google.android.exoplayer2.Player.EventListener void onPositionDiscontinuity(int) 0">
    <annotation name="androidx.annotation.IntDef">
      <val name="value" val="{com.google.android.exoplayer2.Player.DISCONTINUITY_REASON_PERIOD_TRANSITION, com.google.android.exoplayer2.Player.DISCONTINUITY_REASON_SEEK, com.google.android.exoplayer2.Player.DISCONTINUITY_REASON_SEEK_ADJUSTMENT, com.google.android.exoplayer2.Player.DISCONTINUITY_REASON_AD_INSERTION, com.google.android.exoplayer2.Player.DISCONTINUITY_REASON_INTERNAL}" />
    </annotation>
  </item>
  <item name="com.google.android.exoplayer2.Player.EventListener void onRepeatModeChanged(int) 0">
    <annotation name="androidx.annotation.IntDef">
      <val name="value" val="{com.google.android.exoplayer2.Player.REPEAT_MODE_OFF, com.google.android.exoplayer2.Player.REPEAT_MODE_ONE, com.google.android.exoplayer2.Player.REPEAT_MODE_ALL}" />
    </annotation>
  </item>
  <item name="com.google.android.exoplayer2.Player.EventListener void onTimelineChanged(com.google.android.exoplayer2.Timeline, int) 1">
    <annotation name="androidx.annotation.IntDef">
      <val name="value" val="{com.google.android.exoplayer2.Player.TIMELINE_CHANGE_REASON_PREPARED, com.google.android.exoplayer2.Player.TIMELINE_CHANGE_REASON_RESET, com.google.android.exoplayer2.Player.TIMELINE_CHANGE_REASON_DYNAMIC}" />
    </annotation>
  </item>
  <item name="com.google.android.exoplayer2.Player.EventListener void onTimelineChanged(com.google.android.exoplayer2.Timeline, java.lang.Object, int) 2">
    <annotation name="androidx.annotation.IntDef">
      <val name="value" val="{com.google.android.exoplayer2.Player.TIMELINE_CHANGE_REASON_PREPARED, com.google.android.exoplayer2.Player.TIMELINE_CHANGE_REASON_RESET, com.google.android.exoplayer2.Player.TIMELINE_CHANGE_REASON_DYNAMIC}" />
    </annotation>
  </item>
  <item name="com.google.android.exoplayer2.Player.PlaybackSuppressionReason">
    <annotation name="androidx.annotation.IntDef">
      <val name="value" val="{com.google.android.exoplayer2.Player.PLAYBACK_SUPPRESSION_REASON_NONE, com.google.android.exoplayer2.Player.PLAYBACK_SUPPRESSION_REASON_TRANSIENT_AUDIO_FOCUS_LOSS}" />
    </annotation>
  </item>
  <item name="com.google.android.exoplayer2.Player.RepeatMode">
    <annotation name="androidx.annotation.IntDef">
      <val name="value" val="{com.google.android.exoplayer2.Player.REPEAT_MODE_OFF, com.google.android.exoplayer2.Player.REPEAT_MODE_ONE, com.google.android.exoplayer2.Player.REPEAT_MODE_ALL}" />
    </annotation>
  </item>
  <item name="com.google.android.exoplayer2.Player.State">
    <annotation name="androidx.annotation.IntDef">
      <val name="value" val="{com.google.android.exoplayer2.Player.STATE_IDLE, com.google.android.exoplayer2.Player.STATE_BUFFERING, com.google.android.exoplayer2.Player.STATE_READY, com.google.android.exoplayer2.Player.STATE_ENDED}" />
    </annotation>
  </item>
  <item name="com.google.android.exoplayer2.Player.TimelineChangeReason">
    <annotation name="androidx.annotation.IntDef">
      <val name="value" val="{com.google.android.exoplayer2.Player.TIMELINE_CHANGE_REASON_PREPARED, com.google.android.exoplayer2.Player.TIMELINE_CHANGE_REASON_RESET, com.google.android.exoplayer2.Player.TIMELINE_CHANGE_REASON_DYNAMIC}" />
    </annotation>
  </item>
  <item name="com.google.android.exoplayer2.Player.VideoComponent int getVideoScalingMode()">
    <annotation name="androidx.annotation.IntDef">
      <val name="value" val="{com.google.android.exoplayer2.C.VIDEO_SCALING_MODE_SCALE_TO_FIT, com.google.android.exoplayer2.C.VIDEO_SCALING_MODE_SCALE_TO_FIT_WITH_CROPPING}" />
    </annotation>
  </item>
  <item name="com.google.android.exoplayer2.Player.VideoComponent void setVideoScalingMode(int) 0">
    <annotation name="androidx.annotation.IntDef">
      <val name="value" val="{com.google.android.exoplayer2.C.VIDEO_SCALING_MODE_SCALE_TO_FIT, com.google.android.exoplayer2.C.VIDEO_SCALING_MODE_SCALE_TO_FIT_WITH_CROPPING}" />
    </annotation>
  </item>
  <item name="com.google.android.exoplayer2.Renderer int getState()">
    <annotation name="androidx.annotation.IntDef">
      <val name="value" val="{com.google.android.exoplayer2.Renderer.STATE_DISABLED, com.google.android.exoplayer2.Renderer.STATE_ENABLED, com.google.android.exoplayer2.Renderer.STATE_STARTED}" />
    </annotation>
  </item>
  <item name="com.google.android.exoplayer2.Renderer.State">
    <annotation name="androidx.annotation.IntDef">
      <val name="value" val="{com.google.android.exoplayer2.Renderer.STATE_DISABLED, com.google.android.exoplayer2.Renderer.STATE_ENABLED, com.google.android.exoplayer2.Renderer.STATE_STARTED}" />
    </annotation>
  </item>
  <item name="com.google.android.exoplayer2.RendererCapabilities int create(int)">
  </item>
  <item name="com.google.android.exoplayer2.RendererCapabilities int create(int) 0">
    <annotation name="androidx.annotation.IntDef">
      <val name="value" val="{com.google.android.exoplayer2.RendererCapabilities.FORMAT_HANDLED, com.google.android.exoplayer2.RendererCapabilities.FORMAT_EXCEEDS_CAPABILITIES, com.google.android.exoplayer2.RendererCapabilities.FORMAT_UNSUPPORTED_DRM, com.google.android.exoplayer2.RendererCapabilities.FORMAT_UNSUPPORTED_SUBTYPE, com.google.android.exoplayer2.RendererCapabilities.FORMAT_UNSUPPORTED_TYPE}" />
    </annotation>
  </item>
  <item name="com.google.android.exoplayer2.RendererCapabilities int create(int, int, int)">
  </item>
  <item name="com.google.android.exoplayer2.RendererCapabilities int create(int, int, int) 0">
    <annotation name="androidx.annotation.IntDef">
      <val name="value" val="{com.google.android.exoplayer2.RendererCapabilities.FORMAT_HANDLED, com.google.android.exoplayer2.RendererCapabilities.FORMAT_EXCEEDS_CAPABILITIES, com.google.android.exoplayer2.RendererCapabilities.FORMAT_UNSUPPORTED_DRM, com.google.android.exoplayer2.RendererCapabilities.FORMAT_UNSUPPORTED_SUBTYPE, com.google.android.exoplayer2.RendererCapabilities.FORMAT_UNSUPPORTED_TYPE}" />
    </annotation>
  </item>
  <item name="com.google.android.exoplayer2.RendererCapabilities int create(int, int, int) 1">
    <annotation name="androidx.annotation.IntDef">
      <val name="value" val="{com.google.android.exoplayer2.RendererCapabilities.ADAPTIVE_SEAMLESS, com.google.android.exoplayer2.RendererCapabilities.ADAPTIVE_NOT_SEAMLESS, com.google.android.exoplayer2.RendererCapabilities.ADAPTIVE_NOT_SUPPORTED}" />
    </annotation>
  </item>
  <item name="com.google.android.exoplayer2.RendererCapabilities int create(int, int, int) 2">
    <annotation name="androidx.annotation.IntDef">
      <val name="value" val="{com.google.android.exoplayer2.RendererCapabilities.TUNNELING_SUPPORTED, com.google.android.exoplayer2.RendererCapabilities.TUNNELING_NOT_SUPPORTED}" />
    </annotation>
  </item>
  <item name="com.google.android.exoplayer2.RendererCapabilities int getAdaptiveSupport(int)">
    <annotation name="androidx.annotation.IntDef">
      <val name="value" val="{com.google.android.exoplayer2.RendererCapabilities.ADAPTIVE_SEAMLESS, com.google.android.exoplayer2.RendererCapabilities.ADAPTIVE_NOT_SEAMLESS, com.google.android.exoplayer2.RendererCapabilities.ADAPTIVE_NOT_SUPPORTED}" />
    </annotation>
  </item>
  <item name="com.google.android.exoplayer2.RendererCapabilities int getAdaptiveSupport(int) 0">
  </item>
  <item name="com.google.android.exoplayer2.RendererCapabilities int getFormatSupport(int)">
    <annotation name="androidx.annotation.IntDef">
      <val name="value" val="{com.google.android.exoplayer2.RendererCapabilities.FORMAT_HANDLED, com.google.android.exoplayer2.RendererCapabilities.FORMAT_EXCEEDS_CAPABILITIES, com.google.android.exoplayer2.RendererCapabilities.FORMAT_UNSUPPORTED_DRM, com.google.android.exoplayer2.RendererCapabilities.FORMAT_UNSUPPORTED_SUBTYPE, com.google.android.exoplayer2.RendererCapabilities.FORMAT_UNSUPPORTED_TYPE}" />
    </annotation>
  </item>
  <item name="com.google.android.exoplayer2.RendererCapabilities int getFormatSupport(int) 0">
  </item>
  <item name="com.google.android.exoplayer2.RendererCapabilities int getTunnelingSupport(int)">
    <annotation name="androidx.annotation.IntDef">
      <val name="value" val="{com.google.android.exoplayer2.RendererCapabilities.TUNNELING_SUPPORTED, com.google.android.exoplayer2.RendererCapabilities.TUNNELING_NOT_SUPPORTED}" />
    </annotation>
  </item>
  <item name="com.google.android.exoplayer2.RendererCapabilities int getTunnelingSupport(int) 0">
  </item>
  <item name="com.google.android.exoplayer2.RendererCapabilities int supportsFormat(com.google.android.exoplayer2.Format)">
  </item>
  <item name="com.google.android.exoplayer2.RendererCapabilities int supportsMixedMimeTypeAdaptation()">
    <annotation name="androidx.annotation.IntDef">
      <val name="value" val="{com.google.android.exoplayer2.RendererCapabilities.ADAPTIVE_SEAMLESS, com.google.android.exoplayer2.RendererCapabilities.ADAPTIVE_NOT_SEAMLESS, com.google.android.exoplayer2.RendererCapabilities.ADAPTIVE_NOT_SUPPORTED}" />
    </annotation>
  </item>
  <item name="com.google.android.exoplayer2.RendererCapabilities java.lang.String getFormatSupportString(int) 0">
    <annotation name="androidx.annotation.IntDef">
      <val name="value" val="{com.google.android.exoplayer2.RendererCapabilities.FORMAT_HANDLED, com.google.android.exoplayer2.RendererCapabilities.FORMAT_EXCEEDS_CAPABILITIES, com.google.android.exoplayer2.RendererCapabilities.FORMAT_UNSUPPORTED_DRM, com.google.android.exoplayer2.RendererCapabilities.FORMAT_UNSUPPORTED_SUBTYPE, com.google.android.exoplayer2.RendererCapabilities.FORMAT_UNSUPPORTED_TYPE}" />
    </annotation>
  </item>
  <item name="com.google.android.exoplayer2.RendererCapabilities.AdaptiveSupport">
    <annotation name="androidx.annotation.IntDef">
      <val name="value" val="{com.google.android.exoplayer2.RendererCapabilities.ADAPTIVE_SEAMLESS, com.google.android.exoplayer2.RendererCapabilities.ADAPTIVE_NOT_SEAMLESS, com.google.android.exoplayer2.RendererCapabilities.ADAPTIVE_NOT_SUPPORTED}" />
    </annotation>
  </item>
  <item name="com.google.android.exoplayer2.RendererCapabilities.Capabilities">
  </item>
  <item name="com.google.android.exoplayer2.RendererCapabilities.FormatSupport">
    <annotation name="androidx.annotation.IntDef">
      <val name="value" val="{com.google.android.exoplayer2.RendererCapabilities.FORMAT_HANDLED, com.google.android.exoplayer2.RendererCapabilities.FORMAT_EXCEEDS_CAPABILITIES, com.google.android.exoplayer2.RendererCapabilities.FORMAT_UNSUPPORTED_DRM, com.google.android.exoplayer2.RendererCapabilities.FORMAT_UNSUPPORTED_SUBTYPE, com.google.android.exoplayer2.RendererCapabilities.FORMAT_UNSUPPORTED_TYPE}" />
    </annotation>
  </item>
  <item name="com.google.android.exoplayer2.RendererCapabilities.TunnelingSupport">
    <annotation name="androidx.annotation.IntDef">
      <val name="value" val="{com.google.android.exoplayer2.RendererCapabilities.TUNNELING_SUPPORTED, com.google.android.exoplayer2.RendererCapabilities.TUNNELING_NOT_SUPPORTED}" />
    </annotation>
  </item>
  <item name="com.google.android.exoplayer2.SimpleExoPlayer int getAudioStreamType()">
    <annotation name="androidx.annotation.IntDef">
      <val name="value" val="{com.google.android.exoplayer2.C.STREAM_TYPE_ALARM, com.google.android.exoplayer2.C.STREAM_TYPE_DTMF, com.google.android.exoplayer2.C.STREAM_TYPE_MUSIC, com.google.android.exoplayer2.C.STREAM_TYPE_NOTIFICATION, com.google.android.exoplayer2.C.STREAM_TYPE_RING, com.google.android.exoplayer2.C.STREAM_TYPE_SYSTEM, com.google.android.exoplayer2.C.STREAM_TYPE_VOICE_CALL, com.google.android.exoplayer2.C.STREAM_TYPE_USE_DEFAULT}" />
    </annotation>
  </item>
  <item name="com.google.android.exoplayer2.SimpleExoPlayer int getPlaybackState()">
    <annotation name="androidx.annotation.IntDef">
      <val name="value" val="{com.google.android.exoplayer2.Player.STATE_IDLE, com.google.android.exoplayer2.Player.STATE_BUFFERING, com.google.android.exoplayer2.Player.STATE_READY, com.google.android.exoplayer2.Player.STATE_ENDED}" />
    </annotation>
  </item>
  <item name="com.google.android.exoplayer2.SimpleExoPlayer int getPlaybackSuppressionReason()">
    <annotation name="androidx.annotation.IntDef">
      <val name="value" val="{com.google.android.exoplayer2.Player.PLAYBACK_SUPPRESSION_REASON_NONE, com.google.android.exoplayer2.Player.PLAYBACK_SUPPRESSION_REASON_TRANSIENT_AUDIO_FOCUS_LOSS}" />
    </annotation>
  </item>
  <item name="com.google.android.exoplayer2.SimpleExoPlayer int getRepeatMode()">
    <annotation name="androidx.annotation.IntDef">
      <val name="value" val="{com.google.android.exoplayer2.Player.REPEAT_MODE_OFF, com.google.android.exoplayer2.Player.REPEAT_MODE_ONE, com.google.android.exoplayer2.Player.REPEAT_MODE_ALL}" />
    </annotation>
  </item>
  <item name="com.google.android.exoplayer2.SimpleExoPlayer int getVideoScalingMode()">
    <annotation name="androidx.annotation.IntDef">
      <val name="value" val="{com.google.android.exoplayer2.C.VIDEO_SCALING_MODE_SCALE_TO_FIT, com.google.android.exoplayer2.C.VIDEO_SCALING_MODE_SCALE_TO_FIT_WITH_CROPPING}" />
    </annotation>
  </item>
  <item name="com.google.android.exoplayer2.SimpleExoPlayer videoScalingMode">
    <annotation name="androidx.annotation.IntDef">
      <val name="value" val="{com.google.android.exoplayer2.C.VIDEO_SCALING_MODE_SCALE_TO_FIT, com.google.android.exoplayer2.C.VIDEO_SCALING_MODE_SCALE_TO_FIT_WITH_CROPPING}" />
    </annotation>
  </item>
  <item name="com.google.android.exoplayer2.SimpleExoPlayer void setAudioStreamType(int) 0">
    <annotation name="androidx.annotation.IntDef">
      <val name="value" val="{com.google.android.exoplayer2.C.STREAM_TYPE_ALARM, com.google.android.exoplayer2.C.STREAM_TYPE_DTMF, com.google.android.exoplayer2.C.STREAM_TYPE_MUSIC, com.google.android.exoplayer2.C.STREAM_TYPE_NOTIFICATION, com.google.android.exoplayer2.C.STREAM_TYPE_RING, com.google.android.exoplayer2.C.STREAM_TYPE_SYSTEM, com.google.android.exoplayer2.C.STREAM_TYPE_VOICE_CALL, com.google.android.exoplayer2.C.STREAM_TYPE_USE_DEFAULT}" />
    </annotation>
  </item>
  <item name="com.google.android.exoplayer2.SimpleExoPlayer void setRepeatMode(int) 0">
    <annotation name="androidx.annotation.IntDef">
      <val name="value" val="{com.google.android.exoplayer2.Player.REPEAT_MODE_OFF, com.google.android.exoplayer2.Player.REPEAT_MODE_ONE, com.google.android.exoplayer2.Player.REPEAT_MODE_ALL}" />
    </annotation>
  </item>
  <item name="com.google.android.exoplayer2.SimpleExoPlayer void setVideoScalingMode(int) 0">
    <annotation name="androidx.annotation.IntDef">
      <val name="value" val="{com.google.android.exoplayer2.C.VIDEO_SCALING_MODE_SCALE_TO_FIT, com.google.android.exoplayer2.C.VIDEO_SCALING_MODE_SCALE_TO_FIT_WITH_CROPPING}" />
    </annotation>
  </item>
  <item name="com.google.android.exoplayer2.SimpleExoPlayer void setWakeMode(int) 0">
    <annotation name="androidx.annotation.IntDef">
      <val name="value" val="{com.google.android.exoplayer2.C.WAKE_MODE_NONE, com.google.android.exoplayer2.C.WAKE_MODE_LOCAL, com.google.android.exoplayer2.C.WAKE_MODE_NETWORK}" />
    </annotation>
  </item>
  <item name="com.google.android.exoplayer2.SimpleExoPlayer void updatePlayWhenReady(boolean, int) 1">
    <annotation name="androidx.annotation.IntDef">
      <val name="value" val="{com.google.android.exoplayer2.AudioFocusManager.PLAYER_COMMAND_DO_NOT_PLAY, com.google.android.exoplayer2.AudioFocusManager.PLAYER_COMMAND_WAIT_FOR_CALLBACK, com.google.android.exoplayer2.AudioFocusManager.PLAYER_COMMAND_PLAY_WHEN_READY}" />
    </annotation>
  </item>
  <item name="com.google.android.exoplayer2.SimpleExoPlayer.ComponentListener void executePlayerCommand(int) 0">
    <annotation name="androidx.annotation.IntDef">
      <val name="value" val="{com.google.android.exoplayer2.AudioFocusManager.PLAYER_COMMAND_DO_NOT_PLAY, com.google.android.exoplayer2.AudioFocusManager.PLAYER_COMMAND_WAIT_FOR_CALLBACK, com.google.android.exoplayer2.AudioFocusManager.PLAYER_COMMAND_PLAY_WHEN_READY}" />
    </annotation>
  </item>
  <item name="com.google.android.exoplayer2.SimpleExoPlayer.ComponentListener void onPlayerStateChanged(boolean, int) 1">
    <annotation name="androidx.annotation.IntDef">
      <val name="value" val="{com.google.android.exoplayer2.Player.STATE_IDLE, com.google.android.exoplayer2.Player.STATE_BUFFERING, com.google.android.exoplayer2.Player.STATE_READY, com.google.android.exoplayer2.Player.STATE_ENDED}" />
    </annotation>
  </item>
  <item name="com.google.android.exoplayer2.Timeline boolean isLastPeriod(int, com.google.android.exoplayer2.Timeline.Period, com.google.android.exoplayer2.Timeline.Window, int, boolean) 3">
    <annotation name="androidx.annotation.IntDef">
      <val name="value" val="{com.google.android.exoplayer2.Player.REPEAT_MODE_OFF, com.google.android.exoplayer2.Player.REPEAT_MODE_ONE, com.google.android.exoplayer2.Player.REPEAT_MODE_ALL}" />
    </annotation>
  </item>
  <item name="com.google.android.exoplayer2.Timeline int getNextPeriodIndex(int, com.google.android.exoplayer2.Timeline.Period, com.google.android.exoplayer2.Timeline.Window, int, boolean) 3">
    <annotation name="androidx.annotation.IntDef">
      <val name="value" val="{com.google.android.exoplayer2.Player.REPEAT_MODE_OFF, com.google.android.exoplayer2.Player.REPEAT_MODE_ONE, com.google.android.exoplayer2.Player.REPEAT_MODE_ALL}" />
    </annotation>
  </item>
  <item name="com.google.android.exoplayer2.Timeline int getNextWindowIndex(int, int, boolean) 1">
    <annotation name="androidx.annotation.IntDef">
      <val name="value" val="{com.google.android.exoplayer2.Player.REPEAT_MODE_OFF, com.google.android.exoplayer2.Player.REPEAT_MODE_ONE, com.google.android.exoplayer2.Player.REPEAT_MODE_ALL}" />
    </annotation>
  </item>
  <item name="com.google.android.exoplayer2.Timeline int getPreviousWindowIndex(int, int, boolean) 1">
    <annotation name="androidx.annotation.IntDef">
      <val name="value" val="{com.google.android.exoplayer2.Player.REPEAT_MODE_OFF, com.google.android.exoplayer2.Player.REPEAT_MODE_ONE, com.google.android.exoplayer2.Player.REPEAT_MODE_ALL}" />
    </annotation>
  </item>
</root>

