<?xml version="1.0" encoding="UTF-8"?>
<root>
  <item name="com.google.android.exoplayer2.trackselection.DefaultTrackSelector android.util.Pair&lt;com.google.android.exoplayer2.RendererConfiguration[],com.google.android.exoplayer2.trackselection.TrackSelection[]&gt; selectTracks(com.google.android.exoplayer2.trackselection.MappingTrackSelector.MappedTrackInfo, int[][][], int[]) 1">
  </item>
  <item name="com.google.android.exoplayer2.trackselection.DefaultTrackSelector android.util.Pair&lt;com.google.android.exoplayer2.RendererConfiguration[],com.google.android.exoplayer2.trackselection.TrackSelection[]&gt; selectTracks(com.google.android.exoplayer2.trackselection.MappingTrackSelector.MappedTrackInfo, int[][][], int[]) 2">
    <annotation name="androidx.annotation.IntDef">
      <val name="value" val="{com.google.android.exoplayer2.RendererCapabilities.ADAPTIVE_SEAMLESS, com.google.android.exoplayer2.RendererCapabilities.ADAPTIVE_NOT_SEAMLESS, com.google.android.exoplayer2.RendererCapabilities.ADAPTIVE_NOT_SUPPORTED}" />
    </annotation>
  </item>
  <item name="com.google.android.exoplayer2.trackselection.DefaultTrackSelector android.util.Pair&lt;com.google.android.exoplayer2.trackselection.TrackSelection.Definition,com.google.android.exoplayer2.trackselection.DefaultTrackSelector.AudioTrackScore&gt; selectAudioTrack(com.google.android.exoplayer2.source.TrackGroupArray, int[][], int, com.google.android.exoplayer2.trackselection.DefaultTrackSelector.Parameters, boolean) 1">
  </item>
  <item name="com.google.android.exoplayer2.trackselection.DefaultTrackSelector android.util.Pair&lt;com.google.android.exoplayer2.trackselection.TrackSelection.Definition,com.google.android.exoplayer2.trackselection.DefaultTrackSelector.AudioTrackScore&gt; selectAudioTrack(com.google.android.exoplayer2.source.TrackGroupArray, int[][], int, com.google.android.exoplayer2.trackselection.DefaultTrackSelector.Parameters, boolean) 2">
    <annotation name="androidx.annotation.IntDef">
      <val name="value" val="{com.google.android.exoplayer2.RendererCapabilities.ADAPTIVE_SEAMLESS, com.google.android.exoplayer2.RendererCapabilities.ADAPTIVE_NOT_SEAMLESS, com.google.android.exoplayer2.RendererCapabilities.ADAPTIVE_NOT_SUPPORTED}" />
    </annotation>
  </item>
  <item name="com.google.android.exoplayer2.trackselection.DefaultTrackSelector android.util.Pair&lt;com.google.android.exoplayer2.trackselection.TrackSelection.Definition,com.google.android.exoplayer2.trackselection.DefaultTrackSelector.TextTrackScore&gt; selectTextTrack(com.google.android.exoplayer2.source.TrackGroupArray, int[][], com.google.android.exoplayer2.trackselection.DefaultTrackSelector.Parameters, java.lang.String) 1">
  </item>
  <item name="com.google.android.exoplayer2.trackselection.DefaultTrackSelector boolean isSupported(int, boolean) 0">
  </item>
  <item name="com.google.android.exoplayer2.trackselection.DefaultTrackSelector boolean isSupportedAdaptiveAudioTrack(com.google.android.exoplayer2.Format, int, com.google.android.exoplayer2.trackselection.DefaultTrackSelector.AudioConfigurationTuple, int, boolean, boolean, boolean) 1">
  </item>
  <item name="com.google.android.exoplayer2.trackselection.DefaultTrackSelector boolean isSupportedAdaptiveVideoTrack(com.google.android.exoplayer2.Format, java.lang.String, int, int, int, int, int, int) 2">
  </item>
  <item name="com.google.android.exoplayer2.trackselection.DefaultTrackSelector boolean rendererSupportsTunneling(int[][], com.google.android.exoplayer2.source.TrackGroupArray, com.google.android.exoplayer2.trackselection.TrackSelection) 0">
  </item>
  <item name="com.google.android.exoplayer2.trackselection.DefaultTrackSelector com.google.android.exoplayer2.trackselection.TrackSelection.Definition selectAdaptiveVideoTrack(com.google.android.exoplayer2.source.TrackGroupArray, int[][], int, com.google.android.exoplayer2.trackselection.DefaultTrackSelector.Parameters) 1">
  </item>
  <item name="com.google.android.exoplayer2.trackselection.DefaultTrackSelector com.google.android.exoplayer2.trackselection.TrackSelection.Definition selectAdaptiveVideoTrack(com.google.android.exoplayer2.source.TrackGroupArray, int[][], int, com.google.android.exoplayer2.trackselection.DefaultTrackSelector.Parameters) 2">
    <annotation name="androidx.annotation.IntDef">
      <val name="value" val="{com.google.android.exoplayer2.RendererCapabilities.ADAPTIVE_SEAMLESS, com.google.android.exoplayer2.RendererCapabilities.ADAPTIVE_NOT_SEAMLESS, com.google.android.exoplayer2.RendererCapabilities.ADAPTIVE_NOT_SUPPORTED}" />
    </annotation>
  </item>
  <item name="com.google.android.exoplayer2.trackselection.DefaultTrackSelector com.google.android.exoplayer2.trackselection.TrackSelection.Definition selectFixedVideoTrack(com.google.android.exoplayer2.source.TrackGroupArray, int[][], com.google.android.exoplayer2.trackselection.DefaultTrackSelector.Parameters) 1">
  </item>
  <item name="com.google.android.exoplayer2.trackselection.DefaultTrackSelector com.google.android.exoplayer2.trackselection.TrackSelection.Definition selectOtherTrack(int, com.google.android.exoplayer2.source.TrackGroupArray, int[][], com.google.android.exoplayer2.trackselection.DefaultTrackSelector.Parameters) 2">
  </item>
  <item name="com.google.android.exoplayer2.trackselection.DefaultTrackSelector com.google.android.exoplayer2.trackselection.TrackSelection.Definition selectVideoTrack(com.google.android.exoplayer2.source.TrackGroupArray, int[][], int, com.google.android.exoplayer2.trackselection.DefaultTrackSelector.Parameters, boolean) 1">
  </item>
  <item name="com.google.android.exoplayer2.trackselection.DefaultTrackSelector com.google.android.exoplayer2.trackselection.TrackSelection.Definition selectVideoTrack(com.google.android.exoplayer2.source.TrackGroupArray, int[][], int, com.google.android.exoplayer2.trackselection.DefaultTrackSelector.Parameters, boolean) 2">
    <annotation name="androidx.annotation.IntDef">
      <val name="value" val="{com.google.android.exoplayer2.RendererCapabilities.ADAPTIVE_SEAMLESS, com.google.android.exoplayer2.RendererCapabilities.ADAPTIVE_NOT_SEAMLESS, com.google.android.exoplayer2.RendererCapabilities.ADAPTIVE_NOT_SUPPORTED}" />
    </annotation>
  </item>
  <item name="com.google.android.exoplayer2.trackselection.DefaultTrackSelector com.google.android.exoplayer2.trackselection.TrackSelection.Definition[] selectAllTracks(com.google.android.exoplayer2.trackselection.MappingTrackSelector.MappedTrackInfo, int[][][], int[], com.google.android.exoplayer2.trackselection.DefaultTrackSelector.Parameters) 1">
  </item>
  <item name="com.google.android.exoplayer2.trackselection.DefaultTrackSelector com.google.android.exoplayer2.trackselection.TrackSelection.Definition[] selectAllTracks(com.google.android.exoplayer2.trackselection.MappingTrackSelector.MappedTrackInfo, int[][][], int[], com.google.android.exoplayer2.trackselection.DefaultTrackSelector.Parameters) 2">
    <annotation name="androidx.annotation.IntDef">
      <val name="value" val="{com.google.android.exoplayer2.RendererCapabilities.ADAPTIVE_SEAMLESS, com.google.android.exoplayer2.RendererCapabilities.ADAPTIVE_NOT_SEAMLESS, com.google.android.exoplayer2.RendererCapabilities.ADAPTIVE_NOT_SUPPORTED}" />
    </annotation>
  </item>
  <item name="com.google.android.exoplayer2.trackselection.DefaultTrackSelector int getAdaptiveAudioTrackCount(com.google.android.exoplayer2.source.TrackGroup, int[], com.google.android.exoplayer2.trackselection.DefaultTrackSelector.AudioConfigurationTuple, int, boolean, boolean, boolean) 1">
  </item>
  <item name="com.google.android.exoplayer2.trackselection.DefaultTrackSelector int getAdaptiveVideoTrackCountForMimeType(com.google.android.exoplayer2.source.TrackGroup, int[], int, java.lang.String, int, int, int, int, java.util.List&lt;java.lang.Integer&gt;) 1">
  </item>
  <item name="com.google.android.exoplayer2.trackselection.DefaultTrackSelector int[] getAdaptiveAudioTracks(com.google.android.exoplayer2.source.TrackGroup, int[], int, boolean, boolean, boolean) 1">
  </item>
  <item name="com.google.android.exoplayer2.trackselection.DefaultTrackSelector int[] getAdaptiveVideoTracksForGroup(com.google.android.exoplayer2.source.TrackGroup, int[], boolean, int, int, int, int, int, int, int, boolean) 1">
  </item>
  <item name="com.google.android.exoplayer2.trackselection.DefaultTrackSelector void filterAdaptiveVideoTrackCountForMimeType(com.google.android.exoplayer2.source.TrackGroup, int[], int, java.lang.String, int, int, int, int, java.util.List&lt;java.lang.Integer&gt;) 1">
  </item>
  <item name="com.google.android.exoplayer2.trackselection.DefaultTrackSelector void maybeConfigureRenderersForTunneling(com.google.android.exoplayer2.trackselection.MappingTrackSelector.MappedTrackInfo, int[][][], com.google.android.exoplayer2.RendererConfiguration[], com.google.android.exoplayer2.trackselection.TrackSelection[], int) 1">
  </item>
  <item name="com.google.android.exoplayer2.trackselection.DefaultTrackSelector.AudioTrackScore AudioTrackScore(com.google.android.exoplayer2.Format, com.google.android.exoplayer2.trackselection.DefaultTrackSelector.Parameters, int) 2">
  </item>
  <item name="com.google.android.exoplayer2.trackselection.DefaultTrackSelector.Parameters Parameters(int, int, int, int, boolean, boolean, boolean, int, int, boolean, java.lang.String, int, int, boolean, boolean, boolean, boolean, java.lang.String, int, boolean, int, boolean, boolean, boolean, int, android.util.SparseArray&lt;java.util.Map&lt;com.google.android.exoplayer2.source.TrackGroupArray,com.google.android.exoplayer2.trackselection.DefaultTrackSelector.SelectionOverride&gt;&gt;, android.util.SparseBooleanArray) 18">
    <annotation name="androidx.annotation.IntDef">
      <val name="flag" val="true" />
      <val name="value" val="{com.google.android.exoplayer2.C.ROLE_FLAG_MAIN, com.google.android.exoplayer2.C.ROLE_FLAG_ALTERNATE, com.google.android.exoplayer2.C.ROLE_FLAG_SUPPLEMENTARY, com.google.android.exoplayer2.C.ROLE_FLAG_COMMENTARY, com.google.android.exoplayer2.C.ROLE_FLAG_DUB, com.google.android.exoplayer2.C.ROLE_FLAG_EMERGENCY, com.google.android.exoplayer2.C.ROLE_FLAG_CAPTION, com.google.android.exoplayer2.C.ROLE_FLAG_SUBTITLE, com.google.android.exoplayer2.C.ROLE_FLAG_SIGN, com.google.android.exoplayer2.C.ROLE_FLAG_DESCRIBES_VIDEO, com.google.android.exoplayer2.C.ROLE_FLAG_DESCRIBES_MUSIC_AND_SOUND, com.google.android.exoplayer2.C.ROLE_FLAG_ENHANCED_DIALOG_INTELLIGIBILITY, com.google.android.exoplayer2.C.ROLE_FLAG_TRANSCRIBES_DIALOG, com.google.android.exoplayer2.C.ROLE_FLAG_EASY_TO_READ, com.google.android.exoplayer2.C.ROLE_FLAG_TRICK_PLAY}" />
    </annotation>
  </item>
  <item name="com.google.android.exoplayer2.trackselection.DefaultTrackSelector.Parameters Parameters(int, int, int, int, boolean, boolean, boolean, int, int, boolean, java.lang.String, int, int, boolean, boolean, boolean, boolean, java.lang.String, int, boolean, int, boolean, boolean, boolean, int, android.util.SparseArray&lt;java.util.Map&lt;com.google.android.exoplayer2.source.TrackGroupArray,com.google.android.exoplayer2.trackselection.DefaultTrackSelector.SelectionOverride&gt;&gt;, android.util.SparseBooleanArray) 20">
    <annotation name="androidx.annotation.IntDef">
      <val name="flag" val="true" />
      <val name="value" val="{com.google.android.exoplayer2.C.SELECTION_FLAG_DEFAULT, com.google.android.exoplayer2.C.SELECTION_FLAG_FORCED, com.google.android.exoplayer2.C.SELECTION_FLAG_AUTOSELECT}" />
    </annotation>
  </item>
  <item name="com.google.android.exoplayer2.trackselection.DefaultTrackSelector.ParametersBuilder com.google.android.exoplayer2.trackselection.DefaultTrackSelector.ParametersBuilder setDisabledTextTrackSelectionFlags(int) 0">
    <annotation name="androidx.annotation.IntDef">
      <val name="flag" val="true" />
      <val name="value" val="{com.google.android.exoplayer2.C.SELECTION_FLAG_DEFAULT, com.google.android.exoplayer2.C.SELECTION_FLAG_FORCED, com.google.android.exoplayer2.C.SELECTION_FLAG_AUTOSELECT}" />
    </annotation>
  </item>
  <item name="com.google.android.exoplayer2.trackselection.DefaultTrackSelector.ParametersBuilder com.google.android.exoplayer2.trackselection.DefaultTrackSelector.ParametersBuilder setPreferredTextRoleFlags(int) 0">
    <annotation name="androidx.annotation.IntDef">
      <val name="flag" val="true" />
      <val name="value" val="{com.google.android.exoplayer2.C.ROLE_FLAG_MAIN, com.google.android.exoplayer2.C.ROLE_FLAG_ALTERNATE, com.google.android.exoplayer2.C.ROLE_FLAG_SUPPLEMENTARY, com.google.android.exoplayer2.C.ROLE_FLAG_COMMENTARY, com.google.android.exoplayer2.C.ROLE_FLAG_DUB, com.google.android.exoplayer2.C.ROLE_FLAG_EMERGENCY, com.google.android.exoplayer2.C.ROLE_FLAG_CAPTION, com.google.android.exoplayer2.C.ROLE_FLAG_SUBTITLE, com.google.android.exoplayer2.C.ROLE_FLAG_SIGN, com.google.android.exoplayer2.C.ROLE_FLAG_DESCRIBES_VIDEO, com.google.android.exoplayer2.C.ROLE_FLAG_DESCRIBES_MUSIC_AND_SOUND, com.google.android.exoplayer2.C.ROLE_FLAG_ENHANCED_DIALOG_INTELLIGIBILITY, com.google.android.exoplayer2.C.ROLE_FLAG_TRANSCRIBES_DIALOG, com.google.android.exoplayer2.C.ROLE_FLAG_EASY_TO_READ, com.google.android.exoplayer2.C.ROLE_FLAG_TRICK_PLAY}" />
    </annotation>
  </item>
  <item name="com.google.android.exoplayer2.trackselection.DefaultTrackSelector.TextTrackScore TextTrackScore(com.google.android.exoplayer2.Format, com.google.android.exoplayer2.trackselection.DefaultTrackSelector.Parameters, int, java.lang.String) 2">
  </item>
  <item name="com.google.android.exoplayer2.trackselection.MappingTrackSelector android.util.Pair&lt;com.google.android.exoplayer2.RendererConfiguration[],com.google.android.exoplayer2.trackselection.TrackSelection[]&gt; selectTracks(com.google.android.exoplayer2.trackselection.MappingTrackSelector.MappedTrackInfo, int[][][], int[]) 1">
  </item>
  <item name="com.google.android.exoplayer2.trackselection.MappingTrackSelector android.util.Pair&lt;com.google.android.exoplayer2.RendererConfiguration[],com.google.android.exoplayer2.trackselection.TrackSelection[]&gt; selectTracks(com.google.android.exoplayer2.trackselection.MappingTrackSelector.MappedTrackInfo, int[][][], int[]) 2">
    <annotation name="androidx.annotation.IntDef">
      <val name="value" val="{com.google.android.exoplayer2.RendererCapabilities.ADAPTIVE_SEAMLESS, com.google.android.exoplayer2.RendererCapabilities.ADAPTIVE_NOT_SEAMLESS, com.google.android.exoplayer2.RendererCapabilities.ADAPTIVE_NOT_SUPPORTED}" />
    </annotation>
  </item>
  <item name="com.google.android.exoplayer2.trackselection.MappingTrackSelector int[] getFormatSupport(com.google.android.exoplayer2.RendererCapabilities, com.google.android.exoplayer2.source.TrackGroup)">
  </item>
  <item name="com.google.android.exoplayer2.trackselection.MappingTrackSelector int[] getMixedMimeTypeAdaptationSupports(com.google.android.exoplayer2.RendererCapabilities[])">
    <annotation name="androidx.annotation.IntDef">
      <val name="value" val="{com.google.android.exoplayer2.RendererCapabilities.ADAPTIVE_SEAMLESS, com.google.android.exoplayer2.RendererCapabilities.ADAPTIVE_NOT_SEAMLESS, com.google.android.exoplayer2.RendererCapabilities.ADAPTIVE_NOT_SUPPORTED}" />
    </annotation>
  </item>
  <item name="com.google.android.exoplayer2.trackselection.MappingTrackSelector.MappedTrackInfo MappedTrackInfo(int[], com.google.android.exoplayer2.source.TrackGroupArray[], int[], int[][][], com.google.android.exoplayer2.source.TrackGroupArray) 2">
    <annotation name="androidx.annotation.IntDef">
      <val name="value" val="{com.google.android.exoplayer2.RendererCapabilities.ADAPTIVE_SEAMLESS, com.google.android.exoplayer2.RendererCapabilities.ADAPTIVE_NOT_SEAMLESS, com.google.android.exoplayer2.RendererCapabilities.ADAPTIVE_NOT_SUPPORTED}" />
    </annotation>
  </item>
  <item name="com.google.android.exoplayer2.trackselection.MappingTrackSelector.MappedTrackInfo MappedTrackInfo(int[], com.google.android.exoplayer2.source.TrackGroupArray[], int[], int[][][], com.google.android.exoplayer2.source.TrackGroupArray) 3">
  </item>
  <item name="com.google.android.exoplayer2.trackselection.MappingTrackSelector.MappedTrackInfo int getAdaptiveSupport(int, int, boolean)">
    <annotation name="androidx.annotation.IntDef">
      <val name="value" val="{com.google.android.exoplayer2.RendererCapabilities.ADAPTIVE_SEAMLESS, com.google.android.exoplayer2.RendererCapabilities.ADAPTIVE_NOT_SEAMLESS, com.google.android.exoplayer2.RendererCapabilities.ADAPTIVE_NOT_SUPPORTED}" />
    </annotation>
  </item>
  <item name="com.google.android.exoplayer2.trackselection.MappingTrackSelector.MappedTrackInfo int getAdaptiveSupport(int, int, int[])">
    <annotation name="androidx.annotation.IntDef">
      <val name="value" val="{com.google.android.exoplayer2.RendererCapabilities.ADAPTIVE_SEAMLESS, com.google.android.exoplayer2.RendererCapabilities.ADAPTIVE_NOT_SEAMLESS, com.google.android.exoplayer2.RendererCapabilities.ADAPTIVE_NOT_SUPPORTED}" />
    </annotation>
  </item>
  <item name="com.google.android.exoplayer2.trackselection.MappingTrackSelector.MappedTrackInfo int getRendererSupport(int)">
    <annotation name="androidx.annotation.IntDef">
      <val name="value" val="{com.google.android.exoplayer2.trackselection.MappingTrackSelector.MappedTrackInfo.RENDERER_SUPPORT_NO_TRACKS, com.google.android.exoplayer2.trackselection.MappingTrackSelector.MappedTrackInfo.RENDERER_SUPPORT_UNSUPPORTED_TRACKS, com.google.android.exoplayer2.trackselection.MappingTrackSelector.MappedTrackInfo.RENDERER_SUPPORT_EXCEEDS_CAPABILITIES_TRACKS, com.google.android.exoplayer2.trackselection.MappingTrackSelector.MappedTrackInfo.RENDERER_SUPPORT_PLAYABLE_TRACKS}" />
    </annotation>
  </item>
  <item name="com.google.android.exoplayer2.trackselection.MappingTrackSelector.MappedTrackInfo int getTrackFormatSupport(int, int, int)">
    <annotation name="androidx.annotation.IntDef">
      <val name="value" val="{com.google.android.exoplayer2.RendererCapabilities.FORMAT_HANDLED, com.google.android.exoplayer2.RendererCapabilities.FORMAT_EXCEEDS_CAPABILITIES, com.google.android.exoplayer2.RendererCapabilities.FORMAT_UNSUPPORTED_DRM, com.google.android.exoplayer2.RendererCapabilities.FORMAT_UNSUPPORTED_SUBTYPE, com.google.android.exoplayer2.RendererCapabilities.FORMAT_UNSUPPORTED_TYPE}" />
    </annotation>
  </item>
  <item name="com.google.android.exoplayer2.trackselection.MappingTrackSelector.MappedTrackInfo int getTrackSupport(int, int, int)">
    <annotation name="androidx.annotation.IntDef">
      <val name="value" val="{com.google.android.exoplayer2.RendererCapabilities.FORMAT_HANDLED, com.google.android.exoplayer2.RendererCapabilities.FORMAT_EXCEEDS_CAPABILITIES, com.google.android.exoplayer2.RendererCapabilities.FORMAT_UNSUPPORTED_DRM, com.google.android.exoplayer2.RendererCapabilities.FORMAT_UNSUPPORTED_SUBTYPE, com.google.android.exoplayer2.RendererCapabilities.FORMAT_UNSUPPORTED_TYPE}" />
    </annotation>
  </item>
  <item name="com.google.android.exoplayer2.trackselection.MappingTrackSelector.MappedTrackInfo int getTrackTypeRendererSupport(int)">
    <annotation name="androidx.annotation.IntDef">
      <val name="value" val="{com.google.android.exoplayer2.trackselection.MappingTrackSelector.MappedTrackInfo.RENDERER_SUPPORT_NO_TRACKS, com.google.android.exoplayer2.trackselection.MappingTrackSelector.MappedTrackInfo.RENDERER_SUPPORT_UNSUPPORTED_TRACKS, com.google.android.exoplayer2.trackselection.MappingTrackSelector.MappedTrackInfo.RENDERER_SUPPORT_EXCEEDS_CAPABILITIES_TRACKS, com.google.android.exoplayer2.trackselection.MappingTrackSelector.MappedTrackInfo.RENDERER_SUPPORT_PLAYABLE_TRACKS}" />
    </annotation>
  </item>
  <item name="com.google.android.exoplayer2.trackselection.MappingTrackSelector.MappedTrackInfo int getTypeSupport(int)">
    <annotation name="androidx.annotation.IntDef">
      <val name="value" val="{com.google.android.exoplayer2.trackselection.MappingTrackSelector.MappedTrackInfo.RENDERER_SUPPORT_NO_TRACKS, com.google.android.exoplayer2.trackselection.MappingTrackSelector.MappedTrackInfo.RENDERER_SUPPORT_UNSUPPORTED_TRACKS, com.google.android.exoplayer2.trackselection.MappingTrackSelector.MappedTrackInfo.RENDERER_SUPPORT_EXCEEDS_CAPABILITIES_TRACKS, com.google.android.exoplayer2.trackselection.MappingTrackSelector.MappedTrackInfo.RENDERER_SUPPORT_PLAYABLE_TRACKS}" />
    </annotation>
  </item>
  <item name="com.google.android.exoplayer2.trackselection.MappingTrackSelector.MappedTrackInfo rendererFormatSupports">
  </item>
  <item name="com.google.android.exoplayer2.trackselection.MappingTrackSelector.MappedTrackInfo rendererMixedMimeTypeAdaptiveSupports">
    <annotation name="androidx.annotation.IntDef">
      <val name="value" val="{com.google.android.exoplayer2.RendererCapabilities.ADAPTIVE_SEAMLESS, com.google.android.exoplayer2.RendererCapabilities.ADAPTIVE_NOT_SEAMLESS, com.google.android.exoplayer2.RendererCapabilities.ADAPTIVE_NOT_SUPPORTED}" />
    </annotation>
  </item>
  <item name="com.google.android.exoplayer2.trackselection.TrackSelectionParameters TrackSelectionParameters(java.lang.String, java.lang.String, int, boolean, int) 2">
    <annotation name="androidx.annotation.IntDef">
      <val name="flag" val="true" />
      <val name="value" val="{com.google.android.exoplayer2.C.ROLE_FLAG_MAIN, com.google.android.exoplayer2.C.ROLE_FLAG_ALTERNATE, com.google.android.exoplayer2.C.ROLE_FLAG_SUPPLEMENTARY, com.google.android.exoplayer2.C.ROLE_FLAG_COMMENTARY, com.google.android.exoplayer2.C.ROLE_FLAG_DUB, com.google.android.exoplayer2.C.ROLE_FLAG_EMERGENCY, com.google.android.exoplayer2.C.ROLE_FLAG_CAPTION, com.google.android.exoplayer2.C.ROLE_FLAG_SUBTITLE, com.google.android.exoplayer2.C.ROLE_FLAG_SIGN, com.google.android.exoplayer2.C.ROLE_FLAG_DESCRIBES_VIDEO, com.google.android.exoplayer2.C.ROLE_FLAG_DESCRIBES_MUSIC_AND_SOUND, com.google.android.exoplayer2.C.ROLE_FLAG_ENHANCED_DIALOG_INTELLIGIBILITY, com.google.android.exoplayer2.C.ROLE_FLAG_TRANSCRIBES_DIALOG, com.google.android.exoplayer2.C.ROLE_FLAG_EASY_TO_READ, com.google.android.exoplayer2.C.ROLE_FLAG_TRICK_PLAY}" />
    </annotation>
  </item>
  <item name="com.google.android.exoplayer2.trackselection.TrackSelectionParameters TrackSelectionParameters(java.lang.String, java.lang.String, int, boolean, int) 4">
    <annotation name="androidx.annotation.IntDef">
      <val name="flag" val="true" />
      <val name="value" val="{com.google.android.exoplayer2.C.SELECTION_FLAG_DEFAULT, com.google.android.exoplayer2.C.SELECTION_FLAG_FORCED, com.google.android.exoplayer2.C.SELECTION_FLAG_AUTOSELECT}" />
    </annotation>
  </item>
  <item name="com.google.android.exoplayer2.trackselection.TrackSelectionParameters disabledTextTrackSelectionFlags">
    <annotation name="androidx.annotation.IntDef">
      <val name="flag" val="true" />
      <val name="value" val="{com.google.android.exoplayer2.C.SELECTION_FLAG_DEFAULT, com.google.android.exoplayer2.C.SELECTION_FLAG_FORCED, com.google.android.exoplayer2.C.SELECTION_FLAG_AUTOSELECT}" />
    </annotation>
  </item>
  <item name="com.google.android.exoplayer2.trackselection.TrackSelectionParameters preferredTextRoleFlags">
    <annotation name="androidx.annotation.IntDef">
      <val name="flag" val="true" />
      <val name="value" val="{com.google.android.exoplayer2.C.ROLE_FLAG_MAIN, com.google.android.exoplayer2.C.ROLE_FLAG_ALTERNATE, com.google.android.exoplayer2.C.ROLE_FLAG_SUPPLEMENTARY, com.google.android.exoplayer2.C.ROLE_FLAG_COMMENTARY, com.google.android.exoplayer2.C.ROLE_FLAG_DUB, com.google.android.exoplayer2.C.ROLE_FLAG_EMERGENCY, com.google.android.exoplayer2.C.ROLE_FLAG_CAPTION, com.google.android.exoplayer2.C.ROLE_FLAG_SUBTITLE, com.google.android.exoplayer2.C.ROLE_FLAG_SIGN, com.google.android.exoplayer2.C.ROLE_FLAG_DESCRIBES_VIDEO, com.google.android.exoplayer2.C.ROLE_FLAG_DESCRIBES_MUSIC_AND_SOUND, com.google.android.exoplayer2.C.ROLE_FLAG_ENHANCED_DIALOG_INTELLIGIBILITY, com.google.android.exoplayer2.C.ROLE_FLAG_TRANSCRIBES_DIALOG, com.google.android.exoplayer2.C.ROLE_FLAG_EASY_TO_READ, com.google.android.exoplayer2.C.ROLE_FLAG_TRICK_PLAY}" />
    </annotation>
  </item>
  <item name="com.google.android.exoplayer2.trackselection.TrackSelectionParameters.Builder com.google.android.exoplayer2.trackselection.TrackSelectionParameters.Builder setDisabledTextTrackSelectionFlags(int) 0">
    <annotation name="androidx.annotation.IntDef">
      <val name="flag" val="true" />
      <val name="value" val="{com.google.android.exoplayer2.C.SELECTION_FLAG_DEFAULT, com.google.android.exoplayer2.C.SELECTION_FLAG_FORCED, com.google.android.exoplayer2.C.SELECTION_FLAG_AUTOSELECT}" />
    </annotation>
  </item>
  <item name="com.google.android.exoplayer2.trackselection.TrackSelectionParameters.Builder com.google.android.exoplayer2.trackselection.TrackSelectionParameters.Builder setPreferredTextRoleFlags(int) 0">
    <annotation name="androidx.annotation.IntDef">
      <val name="flag" val="true" />
      <val name="value" val="{com.google.android.exoplayer2.C.ROLE_FLAG_MAIN, com.google.android.exoplayer2.C.ROLE_FLAG_ALTERNATE, com.google.android.exoplayer2.C.ROLE_FLAG_SUPPLEMENTARY, com.google.android.exoplayer2.C.ROLE_FLAG_COMMENTARY, com.google.android.exoplayer2.C.ROLE_FLAG_DUB, com.google.android.exoplayer2.C.ROLE_FLAG_EMERGENCY, com.google.android.exoplayer2.C.ROLE_FLAG_CAPTION, com.google.android.exoplayer2.C.ROLE_FLAG_SUBTITLE, com.google.android.exoplayer2.C.ROLE_FLAG_SIGN, com.google.android.exoplayer2.C.ROLE_FLAG_DESCRIBES_VIDEO, com.google.android.exoplayer2.C.ROLE_FLAG_DESCRIBES_MUSIC_AND_SOUND, com.google.android.exoplayer2.C.ROLE_FLAG_ENHANCED_DIALOG_INTELLIGIBILITY, com.google.android.exoplayer2.C.ROLE_FLAG_TRANSCRIBES_DIALOG, com.google.android.exoplayer2.C.ROLE_FLAG_EASY_TO_READ, com.google.android.exoplayer2.C.ROLE_FLAG_TRICK_PLAY}" />
    </annotation>
  </item>
  <item name="com.google.android.exoplayer2.trackselection.TrackSelectionParameters.Builder disabledTextTrackSelectionFlags">
    <annotation name="androidx.annotation.IntDef">
      <val name="flag" val="true" />
      <val name="value" val="{com.google.android.exoplayer2.C.SELECTION_FLAG_DEFAULT, com.google.android.exoplayer2.C.SELECTION_FLAG_FORCED, com.google.android.exoplayer2.C.SELECTION_FLAG_AUTOSELECT}" />
    </annotation>
  </item>
  <item name="com.google.android.exoplayer2.trackselection.TrackSelectionParameters.Builder preferredTextRoleFlags">
    <annotation name="androidx.annotation.IntDef">
      <val name="flag" val="true" />
      <val name="value" val="{com.google.android.exoplayer2.C.ROLE_FLAG_MAIN, com.google.android.exoplayer2.C.ROLE_FLAG_ALTERNATE, com.google.android.exoplayer2.C.ROLE_FLAG_SUPPLEMENTARY, com.google.android.exoplayer2.C.ROLE_FLAG_COMMENTARY, com.google.android.exoplayer2.C.ROLE_FLAG_DUB, com.google.android.exoplayer2.C.ROLE_FLAG_EMERGENCY, com.google.android.exoplayer2.C.ROLE_FLAG_CAPTION, com.google.android.exoplayer2.C.ROLE_FLAG_SUBTITLE, com.google.android.exoplayer2.C.ROLE_FLAG_SIGN, com.google.android.exoplayer2.C.ROLE_FLAG_DESCRIBES_VIDEO, com.google.android.exoplayer2.C.ROLE_FLAG_DESCRIBES_MUSIC_AND_SOUND, com.google.android.exoplayer2.C.ROLE_FLAG_ENHANCED_DIALOG_INTELLIGIBILITY, com.google.android.exoplayer2.C.ROLE_FLAG_TRANSCRIBES_DIALOG, com.google.android.exoplayer2.C.ROLE_FLAG_EASY_TO_READ, com.google.android.exoplayer2.C.ROLE_FLAG_TRICK_PLAY}" />
    </annotation>
  </item>
</root>

