<?xml version="1.0" encoding="UTF-8"?>
<root>
  <item name="com.google.android.exoplayer2.text.webvtt.WebvttCssStyle bold">
    <annotation name="androidx.annotation.IntDef">
      <val name="value" val="{com.google.android.exoplayer2.text.webvtt.WebvttCssStyle.UNSPECIFIED, com.google.android.exoplayer2.text.webvtt.WebvttCssStyle.OFF, com.google.android.exoplayer2.text.webvtt.WebvttCssStyle.ON}" />
    </annotation>
  </item>
  <item name="com.google.android.exoplayer2.text.webvtt.WebvttCssStyle fontSizeUnit">
    <annotation name="androidx.annotation.IntDef">
      <val name="value" val="{com.google.android.exoplayer2.text.webvtt.WebvttCssStyle.UNSPECIFIED, com.google.android.exoplayer2.text.webvtt.WebvttCssStyle.FONT_SIZE_UNIT_PIXEL, com.google.android.exoplayer2.text.webvtt.WebvttCssStyle.FONT_SIZE_UNIT_EM, com.google.android.exoplayer2.text.webvtt.WebvttCssStyle.FONT_SIZE_UNIT_PERCENT}" />
    </annotation>
  </item>
  <item name="com.google.android.exoplayer2.text.webvtt.WebvttCssStyle int getFontSizeUnit()">
    <annotation name="androidx.annotation.IntDef">
      <val name="value" val="{com.google.android.exoplayer2.text.webvtt.WebvttCssStyle.UNSPECIFIED, com.google.android.exoplayer2.text.webvtt.WebvttCssStyle.FONT_SIZE_UNIT_PIXEL, com.google.android.exoplayer2.text.webvtt.WebvttCssStyle.FONT_SIZE_UNIT_EM, com.google.android.exoplayer2.text.webvtt.WebvttCssStyle.FONT_SIZE_UNIT_PERCENT}" />
    </annotation>
  </item>
  <item name="com.google.android.exoplayer2.text.webvtt.WebvttCssStyle int getStyle()">
    <annotation name="androidx.annotation.IntDef">
      <val name="flag" val="true" />
      <val name="value" val="{com.google.android.exoplayer2.text.webvtt.WebvttCssStyle.UNSPECIFIED, com.google.android.exoplayer2.text.webvtt.WebvttCssStyle.STYLE_NORMAL, com.google.android.exoplayer2.text.webvtt.WebvttCssStyle.STYLE_BOLD, com.google.android.exoplayer2.text.webvtt.WebvttCssStyle.STYLE_ITALIC, com.google.android.exoplayer2.text.webvtt.WebvttCssStyle.STYLE_BOLD_ITALIC}" />
    </annotation>
  </item>
  <item name="com.google.android.exoplayer2.text.webvtt.WebvttCssStyle italic">
    <annotation name="androidx.annotation.IntDef">
      <val name="value" val="{com.google.android.exoplayer2.text.webvtt.WebvttCssStyle.UNSPECIFIED, com.google.android.exoplayer2.text.webvtt.WebvttCssStyle.OFF, com.google.android.exoplayer2.text.webvtt.WebvttCssStyle.ON}" />
    </annotation>
  </item>
  <item name="com.google.android.exoplayer2.text.webvtt.WebvttCssStyle linethrough">
    <annotation name="androidx.annotation.IntDef">
      <val name="value" val="{com.google.android.exoplayer2.text.webvtt.WebvttCssStyle.UNSPECIFIED, com.google.android.exoplayer2.text.webvtt.WebvttCssStyle.OFF, com.google.android.exoplayer2.text.webvtt.WebvttCssStyle.ON}" />
    </annotation>
  </item>
  <item name="com.google.android.exoplayer2.text.webvtt.WebvttCssStyle underline">
    <annotation name="androidx.annotation.IntDef">
      <val name="value" val="{com.google.android.exoplayer2.text.webvtt.WebvttCssStyle.UNSPECIFIED, com.google.android.exoplayer2.text.webvtt.WebvttCssStyle.OFF, com.google.android.exoplayer2.text.webvtt.WebvttCssStyle.ON}" />
    </annotation>
  </item>
  <item name="com.google.android.exoplayer2.text.webvtt.WebvttCssStyle.FontSizeUnit">
    <annotation name="androidx.annotation.IntDef">
      <val name="value" val="{com.google.android.exoplayer2.text.webvtt.WebvttCssStyle.UNSPECIFIED, com.google.android.exoplayer2.text.webvtt.WebvttCssStyle.FONT_SIZE_UNIT_PIXEL, com.google.android.exoplayer2.text.webvtt.WebvttCssStyle.FONT_SIZE_UNIT_EM, com.google.android.exoplayer2.text.webvtt.WebvttCssStyle.FONT_SIZE_UNIT_PERCENT}" />
    </annotation>
  </item>
  <item name="com.google.android.exoplayer2.text.webvtt.WebvttCssStyle.StyleFlags">
    <annotation name="androidx.annotation.IntDef">
      <val name="flag" val="true" />
      <val name="value" val="{com.google.android.exoplayer2.text.webvtt.WebvttCssStyle.UNSPECIFIED, com.google.android.exoplayer2.text.webvtt.WebvttCssStyle.STYLE_NORMAL, com.google.android.exoplayer2.text.webvtt.WebvttCssStyle.STYLE_BOLD, com.google.android.exoplayer2.text.webvtt.WebvttCssStyle.STYLE_ITALIC, com.google.android.exoplayer2.text.webvtt.WebvttCssStyle.STYLE_BOLD_ITALIC}" />
    </annotation>
  </item>
  <item name="com.google.android.exoplayer2.text.webvtt.WebvttCue WebvttCue(long, long, java.lang.CharSequence, android.text.Layout.Alignment, float, int, int, float, int, float) 5">
    <annotation name="androidx.annotation.IntDef">
      <val name="value" val="{com.google.android.exoplayer2.text.Cue.TYPE_UNSET, com.google.android.exoplayer2.text.Cue.LINE_TYPE_FRACTION, com.google.android.exoplayer2.text.Cue.LINE_TYPE_NUMBER}" />
    </annotation>
  </item>
  <item name="com.google.android.exoplayer2.text.webvtt.WebvttCue WebvttCue(long, long, java.lang.CharSequence, android.text.Layout.Alignment, float, int, int, float, int, float) 6">
    <annotation name="androidx.annotation.IntDef">
      <val name="value" val="{com.google.android.exoplayer2.text.Cue.TYPE_UNSET, com.google.android.exoplayer2.text.Cue.ANCHOR_TYPE_START, com.google.android.exoplayer2.text.Cue.ANCHOR_TYPE_MIDDLE, com.google.android.exoplayer2.text.Cue.ANCHOR_TYPE_END}" />
    </annotation>
  </item>
  <item name="com.google.android.exoplayer2.text.webvtt.WebvttCue WebvttCue(long, long, java.lang.CharSequence, android.text.Layout.Alignment, float, int, int, float, int, float) 8">
    <annotation name="androidx.annotation.IntDef">
      <val name="value" val="{com.google.android.exoplayer2.text.Cue.TYPE_UNSET, com.google.android.exoplayer2.text.Cue.ANCHOR_TYPE_START, com.google.android.exoplayer2.text.Cue.ANCHOR_TYPE_MIDDLE, com.google.android.exoplayer2.text.Cue.ANCHOR_TYPE_END}" />
    </annotation>
  </item>
  <item name="com.google.android.exoplayer2.text.webvtt.WebvttCue.Builder android.text.Layout.Alignment convertTextAlignment(int) 0">
    <annotation name="androidx.annotation.IntDef">
      <val name="value" val="{com.google.android.exoplayer2.text.webvtt.WebvttCue.Builder.TEXT_ALIGNMENT_START, com.google.android.exoplayer2.text.webvtt.WebvttCue.Builder.TEXT_ALIGNMENT_CENTER, com.google.android.exoplayer2.text.webvtt.WebvttCue.Builder.TEXT_ALIGNMENT_END, com.google.android.exoplayer2.text.webvtt.WebvttCue.Builder.TEXT_ALIGNMENT_LEFT, com.google.android.exoplayer2.text.webvtt.WebvttCue.Builder.TEXT_ALIGNMENT_RIGHT}" />
    </annotation>
  </item>
  <item name="com.google.android.exoplayer2.text.webvtt.WebvttCue.Builder com.google.android.exoplayer2.text.webvtt.WebvttCue.Builder setLineAnchor(int) 0">
    <annotation name="androidx.annotation.IntDef">
      <val name="value" val="{com.google.android.exoplayer2.text.Cue.TYPE_UNSET, com.google.android.exoplayer2.text.Cue.ANCHOR_TYPE_START, com.google.android.exoplayer2.text.Cue.ANCHOR_TYPE_MIDDLE, com.google.android.exoplayer2.text.Cue.ANCHOR_TYPE_END}" />
    </annotation>
  </item>
  <item name="com.google.android.exoplayer2.text.webvtt.WebvttCue.Builder com.google.android.exoplayer2.text.webvtt.WebvttCue.Builder setLineType(int) 0">
    <annotation name="androidx.annotation.IntDef">
      <val name="value" val="{com.google.android.exoplayer2.text.Cue.TYPE_UNSET, com.google.android.exoplayer2.text.Cue.LINE_TYPE_FRACTION, com.google.android.exoplayer2.text.Cue.LINE_TYPE_NUMBER}" />
    </annotation>
  </item>
  <item name="com.google.android.exoplayer2.text.webvtt.WebvttCue.Builder com.google.android.exoplayer2.text.webvtt.WebvttCue.Builder setPositionAnchor(int) 0">
    <annotation name="androidx.annotation.IntDef">
      <val name="value" val="{com.google.android.exoplayer2.text.Cue.TYPE_UNSET, com.google.android.exoplayer2.text.Cue.ANCHOR_TYPE_START, com.google.android.exoplayer2.text.Cue.ANCHOR_TYPE_MIDDLE, com.google.android.exoplayer2.text.Cue.ANCHOR_TYPE_END}" />
    </annotation>
  </item>
  <item name="com.google.android.exoplayer2.text.webvtt.WebvttCue.Builder com.google.android.exoplayer2.text.webvtt.WebvttCue.Builder setTextAlignment(int) 0">
    <annotation name="androidx.annotation.IntDef">
      <val name="value" val="{com.google.android.exoplayer2.text.webvtt.WebvttCue.Builder.TEXT_ALIGNMENT_START, com.google.android.exoplayer2.text.webvtt.WebvttCue.Builder.TEXT_ALIGNMENT_CENTER, com.google.android.exoplayer2.text.webvtt.WebvttCue.Builder.TEXT_ALIGNMENT_END, com.google.android.exoplayer2.text.webvtt.WebvttCue.Builder.TEXT_ALIGNMENT_LEFT, com.google.android.exoplayer2.text.webvtt.WebvttCue.Builder.TEXT_ALIGNMENT_RIGHT}" />
    </annotation>
  </item>
  <item name="com.google.android.exoplayer2.text.webvtt.WebvttCue.Builder float computeLine(float, int) 1">
    <annotation name="androidx.annotation.IntDef">
      <val name="value" val="{com.google.android.exoplayer2.text.Cue.TYPE_UNSET, com.google.android.exoplayer2.text.Cue.LINE_TYPE_FRACTION, com.google.android.exoplayer2.text.Cue.LINE_TYPE_NUMBER}" />
    </annotation>
  </item>
  <item name="com.google.android.exoplayer2.text.webvtt.WebvttCue.Builder float deriveMaxSize(int, float) 0">
    <annotation name="androidx.annotation.IntDef">
      <val name="value" val="{com.google.android.exoplayer2.text.Cue.TYPE_UNSET, com.google.android.exoplayer2.text.Cue.ANCHOR_TYPE_START, com.google.android.exoplayer2.text.Cue.ANCHOR_TYPE_MIDDLE, com.google.android.exoplayer2.text.Cue.ANCHOR_TYPE_END}" />
    </annotation>
  </item>
  <item name="com.google.android.exoplayer2.text.webvtt.WebvttCue.Builder float derivePosition(int) 0">
    <annotation name="androidx.annotation.IntDef">
      <val name="value" val="{com.google.android.exoplayer2.text.webvtt.WebvttCue.Builder.TEXT_ALIGNMENT_START, com.google.android.exoplayer2.text.webvtt.WebvttCue.Builder.TEXT_ALIGNMENT_CENTER, com.google.android.exoplayer2.text.webvtt.WebvttCue.Builder.TEXT_ALIGNMENT_END, com.google.android.exoplayer2.text.webvtt.WebvttCue.Builder.TEXT_ALIGNMENT_LEFT, com.google.android.exoplayer2.text.webvtt.WebvttCue.Builder.TEXT_ALIGNMENT_RIGHT}" />
    </annotation>
  </item>
  <item name="com.google.android.exoplayer2.text.webvtt.WebvttCue.Builder int derivePositionAnchor(int)">
    <annotation name="androidx.annotation.IntDef">
      <val name="value" val="{com.google.android.exoplayer2.text.Cue.TYPE_UNSET, com.google.android.exoplayer2.text.Cue.ANCHOR_TYPE_START, com.google.android.exoplayer2.text.Cue.ANCHOR_TYPE_MIDDLE, com.google.android.exoplayer2.text.Cue.ANCHOR_TYPE_END}" />
    </annotation>
  </item>
  <item name="com.google.android.exoplayer2.text.webvtt.WebvttCue.Builder int derivePositionAnchor(int) 0">
    <annotation name="androidx.annotation.IntDef">
      <val name="value" val="{com.google.android.exoplayer2.text.webvtt.WebvttCue.Builder.TEXT_ALIGNMENT_START, com.google.android.exoplayer2.text.webvtt.WebvttCue.Builder.TEXT_ALIGNMENT_CENTER, com.google.android.exoplayer2.text.webvtt.WebvttCue.Builder.TEXT_ALIGNMENT_END, com.google.android.exoplayer2.text.webvtt.WebvttCue.Builder.TEXT_ALIGNMENT_LEFT, com.google.android.exoplayer2.text.webvtt.WebvttCue.Builder.TEXT_ALIGNMENT_RIGHT}" />
    </annotation>
  </item>
  <item name="com.google.android.exoplayer2.text.webvtt.WebvttCue.Builder lineAnchor">
    <annotation name="androidx.annotation.IntDef">
      <val name="value" val="{com.google.android.exoplayer2.text.Cue.TYPE_UNSET, com.google.android.exoplayer2.text.Cue.ANCHOR_TYPE_START, com.google.android.exoplayer2.text.Cue.ANCHOR_TYPE_MIDDLE, com.google.android.exoplayer2.text.Cue.ANCHOR_TYPE_END}" />
    </annotation>
  </item>
  <item name="com.google.android.exoplayer2.text.webvtt.WebvttCue.Builder lineType">
    <annotation name="androidx.annotation.IntDef">
      <val name="value" val="{com.google.android.exoplayer2.text.Cue.TYPE_UNSET, com.google.android.exoplayer2.text.Cue.LINE_TYPE_FRACTION, com.google.android.exoplayer2.text.Cue.LINE_TYPE_NUMBER}" />
    </annotation>
  </item>
  <item name="com.google.android.exoplayer2.text.webvtt.WebvttCue.Builder positionAnchor">
    <annotation name="androidx.annotation.IntDef">
      <val name="value" val="{com.google.android.exoplayer2.text.Cue.TYPE_UNSET, com.google.android.exoplayer2.text.Cue.ANCHOR_TYPE_START, com.google.android.exoplayer2.text.Cue.ANCHOR_TYPE_MIDDLE, com.google.android.exoplayer2.text.Cue.ANCHOR_TYPE_END}" />
    </annotation>
  </item>
  <item name="com.google.android.exoplayer2.text.webvtt.WebvttCue.Builder textAlignment">
    <annotation name="androidx.annotation.IntDef">
      <val name="value" val="{com.google.android.exoplayer2.text.webvtt.WebvttCue.Builder.TEXT_ALIGNMENT_START, com.google.android.exoplayer2.text.webvtt.WebvttCue.Builder.TEXT_ALIGNMENT_CENTER, com.google.android.exoplayer2.text.webvtt.WebvttCue.Builder.TEXT_ALIGNMENT_END, com.google.android.exoplayer2.text.webvtt.WebvttCue.Builder.TEXT_ALIGNMENT_LEFT, com.google.android.exoplayer2.text.webvtt.WebvttCue.Builder.TEXT_ALIGNMENT_RIGHT}" />
    </annotation>
  </item>
  <item name="com.google.android.exoplayer2.text.webvtt.WebvttCue.Builder.TextAlignment">
    <annotation name="androidx.annotation.IntDef">
      <val name="value" val="{com.google.android.exoplayer2.text.webvtt.WebvttCue.Builder.TEXT_ALIGNMENT_START, com.google.android.exoplayer2.text.webvtt.WebvttCue.Builder.TEXT_ALIGNMENT_CENTER, com.google.android.exoplayer2.text.webvtt.WebvttCue.Builder.TEXT_ALIGNMENT_END, com.google.android.exoplayer2.text.webvtt.WebvttCue.Builder.TEXT_ALIGNMENT_LEFT, com.google.android.exoplayer2.text.webvtt.WebvttCue.Builder.TEXT_ALIGNMENT_RIGHT}" />
    </annotation>
  </item>
  <item name="com.google.android.exoplayer2.text.webvtt.WebvttCueParser int parsePositionAnchor(java.lang.String)">
    <annotation name="androidx.annotation.IntDef">
      <val name="value" val="{com.google.android.exoplayer2.text.Cue.TYPE_UNSET, com.google.android.exoplayer2.text.Cue.ANCHOR_TYPE_START, com.google.android.exoplayer2.text.Cue.ANCHOR_TYPE_MIDDLE, com.google.android.exoplayer2.text.Cue.ANCHOR_TYPE_END}" />
    </annotation>
  </item>
  <item name="com.google.android.exoplayer2.text.webvtt.WebvttCueParser int parseTextAlignment(java.lang.String)">
    <annotation name="androidx.annotation.IntDef">
      <val name="value" val="{com.google.android.exoplayer2.text.webvtt.WebvttCue.Builder.TEXT_ALIGNMENT_START, com.google.android.exoplayer2.text.webvtt.WebvttCue.Builder.TEXT_ALIGNMENT_CENTER, com.google.android.exoplayer2.text.webvtt.WebvttCue.Builder.TEXT_ALIGNMENT_END, com.google.android.exoplayer2.text.webvtt.WebvttCue.Builder.TEXT_ALIGNMENT_LEFT, com.google.android.exoplayer2.text.webvtt.WebvttCue.Builder.TEXT_ALIGNMENT_RIGHT}" />
    </annotation>
  </item>
</root>

