<?xml version="1.0" encoding="UTF-8"?>
<root>
  <item name="com.google.android.exoplayer2.database.VersionTable int getVersion(android.database.sqlite.SQLiteDatabase, int, java.lang.String) 1">
    <annotation name="androidx.annotation.IntDef">
      <val name="value" val="{com.google.android.exoplayer2.database.VersionTable.FEATURE_OFFLINE, com.google.android.exoplayer2.database.VersionTable.FEATURE_CACHE_CONTENT_METADATA, com.google.android.exoplayer2.database.VersionTable.FEATURE_CACHE_FILE_METADATA}" />
    </annotation>
  </item>
  <item name="com.google.android.exoplayer2.database.VersionTable void removeVersion(android.database.sqlite.SQLiteDatabase, int, java.lang.String) 1">
    <annotation name="androidx.annotation.IntDef">
      <val name="value" val="{com.google.android.exoplayer2.database.VersionTable.FEATURE_OFFLINE, com.google.android.exoplayer2.database.VersionTable.FEATURE_CACHE_CONTENT_METADATA, com.google.android.exoplayer2.database.VersionTable.FEATURE_CACHE_FILE_METADATA}" />
    </annotation>
  </item>
  <item name="com.google.android.exoplayer2.database.VersionTable void setVersion(android.database.sqlite.SQLiteDatabase, int, java.lang.String, int) 1">
    <annotation name="androidx.annotation.IntDef">
      <val name="value" val="{com.google.android.exoplayer2.database.VersionTable.FEATURE_OFFLINE, com.google.android.exoplayer2.database.VersionTable.FEATURE_CACHE_CONTENT_METADATA, com.google.android.exoplayer2.database.VersionTable.FEATURE_CACHE_FILE_METADATA}" />
    </annotation>
  </item>
</root>

