<?xml version="1.0" encoding="UTF-8"?>
<root>
  <item name="com.airbnb.lottie.LottieAnimationView int getRepeatMode()">
    <annotation name="androidx.annotation.IntDef">
      <val name="value" val="{com.airbnb.lottie.LottieDrawable.RESTART, com.airbnb.lottie.LottieDrawable.REVERSE}" />
    </annotation>
  </item>
  <item name="com.airbnb.lottie.LottieAnimationView void setRepeatMode(int) 0">
    <annotation name="androidx.annotation.IntDef">
      <val name="value" val="{com.airbnb.lottie.LottieDrawable.RESTART, com.airbnb.lottie.LottieDrawable.REVERSE}" />
    </annotation>
  </item>
  <item name="com.airbnb.lottie.LottieDrawable int getRepeatMode()">
    <annotation name="androidx.annotation.IntDef">
      <val name="value" val="{com.airbnb.lottie.LottieDrawable.RESTART, com.airbnb.lottie.LottieDrawable.REVERSE}" />
    </annotation>
  </item>
  <item name="com.airbnb.lottie.LottieDrawable void setRepeatMode(int) 0">
    <annotation name="androidx.annotation.IntDef">
      <val name="value" val="{com.airbnb.lottie.LottieDrawable.RESTART, com.airbnb.lottie.LottieDrawable.REVERSE}" />
    </annotation>
  </item>
  <item name="com.airbnb.lottie.LottieDrawable.RepeatMode">
    <annotation name="androidx.annotation.IntDef">
      <val name="value" val="{com.airbnb.lottie.LottieDrawable.RESTART, com.airbnb.lottie.LottieDrawable.REVERSE}" />
    </annotation>
  </item>
</root>

