<?xml version="1.0" encoding="UTF-8"?>
<root>
  <item name="androidx.mediarouter.media.MediaRouteProvider.DynamicGroupRouteController.DynamicRouteDescriptor DynamicRouteDescriptor(androidx.mediarouter.media.MediaRouteDescriptor, int, boolean, boolean, boolean) 1">
    <annotation name="androidx.annotation.IntDef">
      <val name="value" val="{androidx.mediarouter.media.MediaRouteProvider.DynamicGroupRouteController.DynamicRouteDescriptor.UNSELECTING, androidx.mediarouter.media.MediaRouteProvider.DynamicGroupRouteController.DynamicRouteDescriptor.UNSELECTED, androidx.mediarouter.media.MediaRouteProvider.DynamicGroupRouteController.DynamicRouteDescriptor.SELECTING, androidx.mediarouter.media.MediaRouteProvider.DynamicGroupRouteController.DynamicRouteDescriptor.SELECTED}" />
    </annotation>
  </item>
  <item name="androidx.mediarouter.media.MediaRouteProvider.DynamicGroupRouteController.DynamicRouteDescriptor int getSelectionState()">
    <annotation name="androidx.annotation.IntDef">
      <val name="value" val="{androidx.mediarouter.media.MediaRouteProvider.DynamicGroupRouteController.DynamicRouteDescriptor.UNSELECTING, androidx.mediarouter.media.MediaRouteProvider.DynamicGroupRouteController.DynamicRouteDescriptor.UNSELECTED, androidx.mediarouter.media.MediaRouteProvider.DynamicGroupRouteController.DynamicRouteDescriptor.SELECTING, androidx.mediarouter.media.MediaRouteProvider.DynamicGroupRouteController.DynamicRouteDescriptor.SELECTED}" />
    </annotation>
  </item>
  <item name="androidx.mediarouter.media.MediaRouteProvider.DynamicGroupRouteController.DynamicRouteDescriptor mSelectionState">
    <annotation name="androidx.annotation.IntDef">
      <val name="value" val="{androidx.mediarouter.media.MediaRouteProvider.DynamicGroupRouteController.DynamicRouteDescriptor.UNSELECTING, androidx.mediarouter.media.MediaRouteProvider.DynamicGroupRouteController.DynamicRouteDescriptor.UNSELECTED, androidx.mediarouter.media.MediaRouteProvider.DynamicGroupRouteController.DynamicRouteDescriptor.SELECTING, androidx.mediarouter.media.MediaRouteProvider.DynamicGroupRouteController.DynamicRouteDescriptor.SELECTED}" />
    </annotation>
  </item>
  <item name="androidx.mediarouter.media.MediaRouteProvider.DynamicGroupRouteController.DynamicRouteDescriptor.Builder androidx.mediarouter.media.MediaRouteProvider.DynamicGroupRouteController.DynamicRouteDescriptor.Builder setSelectionState(int) 0">
    <annotation name="androidx.annotation.IntDef">
      <val name="value" val="{androidx.mediarouter.media.MediaRouteProvider.DynamicGroupRouteController.DynamicRouteDescriptor.UNSELECTING, androidx.mediarouter.media.MediaRouteProvider.DynamicGroupRouteController.DynamicRouteDescriptor.UNSELECTED, androidx.mediarouter.media.MediaRouteProvider.DynamicGroupRouteController.DynamicRouteDescriptor.SELECTING, androidx.mediarouter.media.MediaRouteProvider.DynamicGroupRouteController.DynamicRouteDescriptor.SELECTED}" />
    </annotation>
  </item>
  <item name="androidx.mediarouter.media.MediaRouteProvider.DynamicGroupRouteController.DynamicRouteDescriptor.Builder mSelectionState">
    <annotation name="androidx.annotation.IntDef">
      <val name="value" val="{androidx.mediarouter.media.MediaRouteProvider.DynamicGroupRouteController.DynamicRouteDescriptor.UNSELECTING, androidx.mediarouter.media.MediaRouteProvider.DynamicGroupRouteController.DynamicRouteDescriptor.UNSELECTED, androidx.mediarouter.media.MediaRouteProvider.DynamicGroupRouteController.DynamicRouteDescriptor.SELECTING, androidx.mediarouter.media.MediaRouteProvider.DynamicGroupRouteController.DynamicRouteDescriptor.SELECTED}" />
    </annotation>
  </item>
  <item name="androidx.mediarouter.media.MediaRouteProvider.DynamicGroupRouteController.DynamicRouteDescriptor.SelectionState">
    <annotation name="androidx.annotation.IntDef">
      <val name="value" val="{androidx.mediarouter.media.MediaRouteProvider.DynamicGroupRouteController.DynamicRouteDescriptor.UNSELECTING, androidx.mediarouter.media.MediaRouteProvider.DynamicGroupRouteController.DynamicRouteDescriptor.UNSELECTED, androidx.mediarouter.media.MediaRouteProvider.DynamicGroupRouteController.DynamicRouteDescriptor.SELECTING, androidx.mediarouter.media.MediaRouteProvider.DynamicGroupRouteController.DynamicRouteDescriptor.SELECTED}" />
    </annotation>
  </item>
  <item name="androidx.mediarouter.media.MediaRouter void addCallback(androidx.mediarouter.media.MediaRouteSelector, androidx.mediarouter.media.MediaRouter.Callback, int) 2">
    <annotation name="androidx.annotation.IntDef">
      <val name="flag" val="true" />
      <val name="value" val="{androidx.mediarouter.media.MediaRouter.CALLBACK_FLAG_PERFORM_ACTIVE_SCAN, androidx.mediarouter.media.MediaRouter.CALLBACK_FLAG_REQUEST_DISCOVERY, androidx.mediarouter.media.MediaRouter.CALLBACK_FLAG_UNFILTERED_EVENTS}" />
    </annotation>
  </item>
  <item name="androidx.mediarouter.media.MediaRouter.RouteInfo int getConnectionState()">
    <annotation name="androidx.annotation.IntDef">
      <val name="value" val="{androidx.mediarouter.media.MediaRouter.RouteInfo.CONNECTION_STATE_DISCONNECTED, androidx.mediarouter.media.MediaRouter.RouteInfo.CONNECTION_STATE_CONNECTING, androidx.mediarouter.media.MediaRouter.RouteInfo.CONNECTION_STATE_CONNECTED}" />
    </annotation>
  </item>
  <item name="androidx.mediarouter.media.MediaRouter.RouteInfo int getPlaybackType()">
    <annotation name="androidx.annotation.IntDef">
      <val name="value" val="{androidx.mediarouter.media.MediaRouter.RouteInfo.PLAYBACK_TYPE_LOCAL, androidx.mediarouter.media.MediaRouter.RouteInfo.PLAYBACK_TYPE_REMOTE}" />
    </annotation>
  </item>
  <item name="androidx.mediarouter.media.MediaRouter.RouteInfo int getVolumeHandling()">
    <annotation name="androidx.annotation.IntDef">
      <val name="value" val="{androidx.mediarouter.media.MediaRouter.RouteInfo.PLAYBACK_VOLUME_FIXED, androidx.mediarouter.media.MediaRouter.RouteInfo.PLAYBACK_VOLUME_VARIABLE}" />
    </annotation>
  </item>
  <item name="androidx.mediarouter.media.MediaRouter.RouteInfo mConnectionState">
    <annotation name="androidx.annotation.IntDef">
      <val name="value" val="{androidx.mediarouter.media.MediaRouter.RouteInfo.CONNECTION_STATE_DISCONNECTED, androidx.mediarouter.media.MediaRouter.RouteInfo.CONNECTION_STATE_CONNECTING, androidx.mediarouter.media.MediaRouter.RouteInfo.CONNECTION_STATE_CONNECTED}" />
    </annotation>
  </item>
  <item name="androidx.mediarouter.media.MediaRouter.RouteInfo mDeviceType">
    <annotation name="androidx.annotation.IntDef">
      <val name="value" val="{androidx.mediarouter.media.MediaRouter.RouteInfo.DEVICE_TYPE_UNKNOWN, androidx.mediarouter.media.MediaRouter.RouteInfo.DEVICE_TYPE_TV, androidx.mediarouter.media.MediaRouter.RouteInfo.DEVICE_TYPE_SPEAKER, androidx.mediarouter.media.MediaRouter.RouteInfo.DEVICE_TYPE_BLUETOOTH}" />
    </annotation>
  </item>
</root>

